,review_id,business_id,rating,text
0,IZ8aKAxX-yLPDxNSR-EPFg,4qS4kIbGlGfswmUY-o37_g,5,Fantastic - definitely stop in if you're in the city - you won't regret it!
1,noxmVaUpwHoOs_tV9LSFiA,4qS4kIbGlGfswmUY-o37_g,5,"Le Kitchen Cafe is a gem! Very cute restaurant with wonderful people and service. 

Came for breakfast and left delighted. The soy marinated egg and trout..."
2,BP-32C1rkBei5S_pCVHR1g,4qS4kIbGlGfswmUY-o37_g,5,"This place is the Hendrix among rock stars. 

They dont do what everyone else is doing, but what they do is creative, unique, and simply incredible at its..."
3,Eeq8JbEtklFl3gagXG7gsg,0Q6D2bIHg29kkJfCGKvK5g,3,"Minus 1 star for saying one sample per person when they have so many flavors. 

I did manage to convince them to let me sample a few before I was cut off....."
4,LRttq5BQQXPtUcuvL8sclQ,0Q6D2bIHg29kkJfCGKvK5g,5,"This gelato spot is located along Rue Saint-Jean, which is full of brand name ice cream and gelato spots to choose from. But Glacier Terre Adélice is the..."
5,sKI6lHWHRN6ixkdGlQ-Lwg,0Q6D2bIHg29kkJfCGKvK5g,4,"Quality ice cream and sorbet with unusual flavors, but super small portions (though most shops in France seem to give very little). The apricot lavender..."
6,Of__Wnsl4Q2-GV19UjtyGQ,3jQNghUugf3Gf1P5Tl1ohQ,5,"I have to give it 5 stars, it is a free zoo in the middle of the park and you can easily see thing like monkeys, lions, zebras, giraffes, etc.

I'm not sure..."
7,D0FmCfUE3PPDCdQTpO5row,3jQNghUugf3Gf1P5Tl1ohQ,4,"This is a very pleasant park for a stroll. I was staying at the Marriott, which backed up to this area. I had just arrived in Europe from the US and needed..."
8,saNeXn9hA8X6uabOn44uQA,3jQNghUugf3Gf1P5Tl1ohQ,5,"I absolutely love this parc. It's just beautiful with so much to do and see. And because it's so big, even when it's crowded you can still find a quiet..."
9,Sjx4C6yAb72uA09IocVyCA,Fte1-kwm_jo5cumIVyBsbw,5,"Best donuts, period. Yes, better than Donut Man in LA and Voodoo Doghnuts in Portland. Coolest owner. Friendly foodie with tips for other places to visit(I..."
10,B9uMlEpgOPisIPGUSQHZRA,Fte1-kwm_jo5cumIVyBsbw,5,"Best donuts in Lyon, hands down! Run and grab yourself one (or three) the owner lived in Brooklyn and so they're the real deal!"
11,ZBz9upU3LkOSp-fzkVMcYA,Fte1-kwm_jo5cumIVyBsbw,3,"Items ordered:
Caramel Donut
Dark Chocolate Donut
Sugared Almond Donut
Dulce de Leche Donut
Red Velvet Muffin
Chocolate Chip with Hazelnut Cookie
Nymy..."
12,40mQGzrVdxUULCYhZi8sJQ,TAxTV36x4SYGQ1XAOEuqpw,5,"Rarely seen that much quality in this town. Barmen are nice,  smily and pretty technical. Cocktails are elaborated, tasty and charmingly surprising. The..."
13,9h4jDY7KeYixCzBYmsFTqg,TAxTV36x4SYGQ1XAOEuqpw,5,"Excellent cocktails, cozy place, great bartenders and a little Motown music.  This is a great bar and worth a stop in a good bar of town.  They also have a..."
14,oLfUVgf-R_e3UYRCWvV3iA,TAxTV36x4SYGQ1XAOEuqpw,5,"I have been here twice in the last two weeks, and I am going back this evening. I love craft cocktails, and L'Antiquaire makes good ones. I love the vibe of..."
15,5cbtNGjGYDnP1jUxAJ7gyw,n3wBCFxSCqHp98Co36MFzQ,5,"As a vegetarian, dining in France can be challenging. I was so appreciate of Mozzato's very vegetarian friendly menu.  I was in Lyon for two nights and I..."
16,sITiSsUdpr-e7r7BF97MeQ,n3wBCFxSCqHp98Co36MFzQ,5,"The rankings don't lie!  This place is outstanding, but small and hard to get into so make a reservation.  We came in with a large group and pretty much..."
17,jXP0KSuhWQUaf8T4nVCPKw,n3wBCFxSCqHp98Co36MFzQ,4,"It was uncomfortably warm in here, but the service was great. This is the only Italian food we had in France and it was enjoyable, but not necessarily..."
18,FIuRMAzqTmiGqXzSpse4Og,oGDqyUclmwo7oRi891g9nQ,4,A great experience you could have in such a gastronomical city. It is basically one large room with lots of jovial conversation and smells of good food. We...
19,4wvsOys5PBaFaofqboUEkw,oGDqyUclmwo7oRi891g9nQ,5,Ate here multiple times while we stayed in Lyon. Authentic French food experience. The weekly specials sell out fast so get there early if need be. The...
20,amVjaGoRswweNgFEfssC7g,oGDqyUclmwo7oRi891g9nQ,4,We arrived at 830 PM on a cold and rainy Saturday night.  We were handed a buzzer and told there'd be a 45 minutes wait.  Stood in line to get a tasting of...
21,_B3i0lOndWX5SAoYaTlEPQ,65spMfsh7Q8EYGzw93yd4w,5,"La Boite in a nutshell is a hidden gem located in a little square, with perfectly blended espresso drinks and a view, plus free wifi! What's not to..."
22,kNq5LLh-CoWXe8H_94Q-OQ,65spMfsh7Q8EYGzw93yd4w,5,"We came across this café as we were exploring the back streets of Lyon. Compared to other cafes in the area, this one has a great location (occupies a..."
23,O4I9jvf1KxcaOsSS3-SNPw,65spMfsh7Q8EYGzw93yd4w,4,"A cute little cafe with friendly people. I had a cappuccino, 3 Euros. It was very sweet - I like it a bit more with depth, but it was an excellent cup..."
24,qOBmZWh3zhCt5uwYlFIytA,19NiXuw2QG2lprvr5upRmg,5,Went here for Happy Hour and had a great time. We enjoyed a wide array of craft cocktails that very thoughtfully come in their own unique glasses. We also...
25,RBF0r68a-LoHz3JPkPCW7Q,19NiXuw2QG2lprvr5upRmg,5,"If you are looking for great drinks at Lyon, this is the place! I had three amazing cocktails there, and a very good time! The drinks were different from..."
26,TK73tymK2gLv9vZC5xKUBA,19NiXuw2QG2lprvr5upRmg,5,Excellent cocktails!  Really good apps.  German sausage app was excellent. Fairly small place.  Friendly waitstaff and customer base.  Grab an outside table...
27,cfzrEX1EqKXLQlXCzgBD0w,j9ayyVUbvsu1sQgCzt0z3Q,5,One of my favorite meals in Lyon! Lyon is apparently known for their tartines and this place was perfect. Super quaint (albeit hot in mid-July because no...
28,N9CqvIUCM7b7iFHKmLeUQg,j9ayyVUbvsu1sQgCzt0z3Q,5,"Informal and cozy little restaurant specializing in tartines. 
It offers both indoor and outdoor seating in a lovely terrace. Service is super warm and..."
29,BnlP3JAXLcy2G-eQMpgIoA,j9ayyVUbvsu1sQgCzt0z3Q,5,Must visit this place if you're looking for a low-cost food place to visit in Lyon. Is it definitely a tartine place. They have decent wines and good beer...
30,o9gCYGxICLE_K6aoETxEpw,gozTYsClMEDmU3Fr-ruC2Q,5,"Best place in Lyon for a tea or a coffee, the choice they have is just amazing, the menu is like a thick book !!!
A tip : GO UPSTAIRS where big and cosy..."
31,3FhlMW4ipjU6d5eNvftxiA,gozTYsClMEDmU3Fr-ruC2Q,5,Probably the best coffee and tea shop in town. The staff is friendly and multilingual. Upstairs you will find large leather club chairs to relax and enjoy...
32,bHq_v1NyPiiQ24KYjaqiQw,gozTYsClMEDmU3Fr-ruC2Q,5,Delightful tea room with more tea than you could possibly imagine.  Gets packed in late afternoon and if you don't want to be one of the many we saw turned...
33,IoNGzxSG_liLmBC0t8F8HA,fXjpbVG5u5u8KpxKmnldnA,5,Friendly bar staff. Younger crowd is also very friendly. The view is to die for. A must for visitors!
34,AQpEnxvgG-xsUt1HQZRisg,fXjpbVG5u5u8KpxKmnldnA,4,"On my first visit to Lyon, I convinced my friend for us to make a stop at Le Fantôme, so we did and we were both very confused because although the menu..."
35,FNa2r5aZCyUzISa-pqyZng,fXjpbVG5u5u8KpxKmnldnA,5,Exceptionally fun/yummy drinks and speakeasy-esque atmosphere for the price one would expect! Service was prompt and friendly :)
36,9qdPuNqVv1d32w_ypASlUg,Qjwmp3G50waLVbutyAgPgw,5,"We came into Lyon late and were looking for something quick to eat. This place was perfect since it was fast, had relatively healthy options (salads) and a..."
37,LqoBPvYUS8XTiydJXA_7eA,Qjwmp3G50waLVbutyAgPgw,5,Amazing falafel sandwiches! My wife and I are vegetarian/sort of vegan so finding places to eat in France isn't always easy. The staff was super friendly...
38,3pIgK0_S_ubHKGlPTH3sjA,Qjwmp3G50waLVbutyAgPgw,4,Tried of whining and dining in Lyon? Had your fill of rosettes and pralines? All that heavy Lyonnaise cuisine got you down? Turn to Yaafa. Lyon's happy...
39,t7KxpOfn2Z8zv8-32GsUdQ,vd9SGTBqOP8CoQfPHYWabg,5,"Probably one of the best coffee / espresso places we had tried on our trip to Paris, Lyon, Florence, Rome, and Milan. It was so good we came here a few days..."
40,VRF4fDhcq2w47Tv2OVJlLQ,vd9SGTBqOP8CoQfPHYWabg,4,Found Slake on a blog of top coffee shops in Lyon and it was a great find. Maybe it was because of the World Cup or because Alex Morgan & Allie Long posted...
41,NhFYbZYCfsoK5q7V_fzQnA,vd9SGTBqOP8CoQfPHYWabg,5,Trendy cafe that serves nice coffee and brunch. It was busy when we visited after shopping at the St Antoine market in the morning but we still managed to...
42,9oGU7lkm8rAMsVYct3zjrQ,cQwlSjoDRDjFCJGo1-MAAw,5,Excellent fresh sushi in a casual non pretentious environment. Very friendly staff that also provided a English menu as well. Very fresh fish. I will...
43,Jm9HEZiup1siWpHOuuHOaQ,cQwlSjoDRDjFCJGo1-MAAw,5,Excellent service and sushi! Came in without reservations (my fault) and they found us a table in the back even though it was fully booked. The food was...
44,lCntp_AcGFmrNu5tFqk1Xw,cQwlSjoDRDjFCJGo1-MAAw,5,Came here for my sons birthday as it was long on his wish list . Very good service and very fresh fish product indeed . We took a menu which included 6...
45,OGTP_pUGPM1rOfKXDgzZYw,vh-kV2FqSLnxSCzT3MB1pg,5,Beautiful service and one of the best Italian restaurant experiences.  They have some of the best handmade pasta and they use 2 year aged or more Parmesan...
46,-ubfLw7thO7D-IH4luOXJg,t4SEU2mrv0iZX0PmYkfV2w,5,"Visiting from Hollywood and had a craving for a traditional Vietnamese sandwich with a very French influence.  Crispy, rustic artisinal baguette filled with..."
47,5yo2qNen_nffOQnz7e7NuA,t4SEU2mrv0iZX0PmYkfV2w,1,Why is Asian food so crap in France?  The pork was cold - stone cold with congealed fat and there was about 1/3 of the salad they should have put in there....
48,lu8M9BjpG1xlNxRlFak2rw,t4SEU2mrv0iZX0PmYkfV2w,4,I had the vegetarian Banh mi Chai sandwich. Tofu and salady stuff were very tasty (how I miss cilantro in France!) at a decent price. The Maggie sauce was...
49,bm_MwWUJtRnuGspd7InWUw,gPIXhVADg2CmlZeQjuILOA,4,"We had Tom Yan Kum soup and beef/sea food green curry. Soup was delicious although 10.5 eur is quite expensive.
Beef in my curry was bland, but souce was..."
50,-qGGMUyTmYZLGENvN-aiVA,gPIXhVADg2CmlZeQjuILOA,3,Sorry for putting a damper on all the enthusiastic reviews. My review isn't actually about the food - I would have really liked to try the food... but...
51,7XfxxWUXBKBI_jcKGJp3ww,gPIXhVADg2CmlZeQjuILOA,4,"It's good. Good flavors, though nothing spectacular compared to NYC or I'm assuming Thailand. I wouldn't go as a traveler, unless you have never been to a..."
52,5RXQnu40HBt52oaoSBJsRw,vp22B6SbCbOY_oUEr55Ukw,5,"We looooooved this museum. It is so worth a visit. We got there just as they opened on Monday morning, which was great because the exhibits were mostly..."
53,YSmRnDfjjjiSxwW2gEx_Ig,vp22B6SbCbOY_oUEr55Ukw,5,"This is an amazing museum that you cannot pass on. At first when I was researching Lyon, I came across this museum and was confused. How is this a cinema..."
54,4rSXB2G7nB1UlCjl62ydvQ,vp22B6SbCbOY_oUEr55Ukw,5,Who knew? That miniatures we're so darn cool. But O M G - this museum with 4 floors of movie props and 2 of miniature settings was amazing. I usually am...
55,yRSLXFj7toU8WC6tOhNp-g,KqdKHzrTc58ErTkM7nMvNw,5,"Looking for some traditional Lyonnaise comfort food? Look no further. Lyonnaise cuisine doesn't get anymore homely or authentic than it does at Le Musée.
I..."
56,KUciI4BoOHFKhVySdl_LCg,KqdKHzrTc58ErTkM7nMvNw,5,"One of my all time favorite meals! We got the last 2 open seats at lunch (make a reservation!) and we were the only 2 Americans (good sign!)
We were hosted..."
57,vtW_iWqQjzJXuTKkDi4Vmw,KqdKHzrTc58ErTkM7nMvNw,5,Fantastic bouchon! It's very casual and intimate. The proprietor comes out and takes your order after explaining the menu. He speaks limited English but is...
58,uk2iefsZsvH5KJCT8dQkvQ,AcO7-nHdKAAfEe4mwQZuEQ,5,"Great place for lunch.  They have a limited menu, but from what I can tell, it doesn't matter because it's all delicious.  Popped in right at the end of..."
59,FXJAhX06tCh_o0Jz_dtiNQ,AcO7-nHdKAAfEe4mwQZuEQ,4,"This is a cool French tapas bar with nice service, good food, and great wine.

I don't know if others would find the Côtes du Rhône here as delicious as I..."
60,He4DIDhONYDKHy9moiCa6w,AcO7-nHdKAAfEe4mwQZuEQ,4,"I came here with my mom after a horrendous experience at another restaurant, so we were relieved to be greeted with smiling waitstaff and (luckily) an open..."
61,oe4RcZIVEoLtKFWFPrMpcA,D2JNs0WlsUCrRkho6FCzdw,5,"This place is pretty bomb. Lots of flavors, not excessively oily like some other places. I ordered the yaki-udon noodles and they were pretty dang good...."
62,i5FYEBzubP6wNnKhW7WW7Q,D2JNs0WlsUCrRkho6FCzdw,4,"It's a really nice Yelp-find! Food quality alone compared to other Japanese restaurants all over the world would be not quite up to 4, but for what you can..."
63,nJbNma2dVxkye4gGdz-Edg,D2JNs0WlsUCrRkho6FCzdw,1,"After 2 weeks in France, we have craving for ramen and find this Japanese ramen places near our hotel and the review on YELP is very good. However, we were..."
64,gzPn3rUu-1oVGpqwYBZarw,7Y1tOTiqt-ru6n59zZXKjg,5,"I found this place on My Little Paris. 

With two friends we went for lunch on a Saturday while in Lyon, and I just fell in love with the whole thing. 

The..."
65,l-t_3BC4MnHSw7xQv_NkRw,7Y1tOTiqt-ru6n59zZXKjg,3,The place has an artistic touch to it and the staff is super friendly and jovial. But the food was not worth 20€. The coffee was supposed to be boisson...
66,9qdSubagJNb_sMydR1PxLQ,7Y1tOTiqt-ru6n59zZXKjg,3,"Average place. The decor is kinda cool but they could do a lot more with the space. Kinda cool that they have a Nintendo 64 in the corner. 

The menu was..."
67,zeEzV9y8DMFdtGcWZwI-Kg,cL_XZ_xGElukJuyWJ3tWJQ,5,We were a group of 6 spending a night in Lyon looking for some traditional fair at a reasonable price point.  None of us eat the traditional Lyonaise food...
68,AA15VS5VKc7FdDuupQWafQ,cL_XZ_xGElukJuyWJ3tWJQ,5,"It was a misty December night in Place Bellecour, the top of the brilliantly lit blue Ferris wheel that dominates the square barely visible beneath the..."
69,khKWDHnsRirQY5J3fgq3HA,cL_XZ_xGElukJuyWJ3tWJQ,5,"I chose this restaurant after reading the other reviews, and it definitely didn't disappoint.  Great Lyonnaise fare, not to pricey, with a few great..."
70,GGlnHfKlB8iSL3HfDaWVLw,6977R4T8guRTA_Rq5DUPcQ,5,"If something can be said for this place it is that the atmosphere is wonderful, the staff is stellar (and good at English for the benefit of us not so well..."
71,UFaiTyphBSe5Z4_iENiY3Q,6977R4T8guRTA_Rq5DUPcQ,5,Burgers are a must and the fries are fabulous.  The staff are welcoming and willing to help.  They also have a menu in English which makes it easier to...
72,lRR7G5XFXBXIvk5nRStD1Q,6977R4T8guRTA_Rq5DUPcQ,5,"Let me tell you Yelpers a story about a girl from Texas who lives in Lyon. This girl moved here from Austin, TX - a vegetarian's heaven - and was extremely..."
73,bj7We34ETKfi--xJxOBmqQ,6_KiiZvgX4f2dEy5OYDxCg,5,Such a great dinning experience in Leon. We were a little tired of French cruising on our trip and noticed the exceedingly long lines queued up outside of...
74,uQcMpTtJglHRBopoYyT7Tg,6_KiiZvgX4f2dEy5OYDxCg,5,"Amazing Italian food, exceptional service and always full of people . I have been here twice and it never disappoints !! I took my two little girls with me..."
75,JKjUkBJ_A59QIR8h9MPfbw,6_KiiZvgX4f2dEy5OYDxCg,5,Hopping place with wide selection of Italian food.  Menu in Italiano and French. Way nicer than expected with big ole pizza oven.
76,6ZXwzJT84G-09CI27dUgIQ,nopr1MmFqkkfDivmPuqGrw,5,"Le Garet was super rustic, full of flavor and full house with locals on a Monday night.  This is better than any Michelin Star or celebrity chefs, because..."
77,ifRAjw_C7s5kPmh9YIZJAw,nopr1MmFqkkfDivmPuqGrw,4,"Food is very good, go there for traditional lyonnais food. I had an andouillette which was prepared differently than what I'm used to. Service is friendly...."
78,HxMRDuSYGrCjYN1lkBa53g,nopr1MmFqkkfDivmPuqGrw,1,Staff was unbelievably rude - there are plenty of other places in Lyon with better food.
79,8iuJPuwypvG2vnrJCwW5Dw,_tgUwingyEGwcKTFC8ttTg,3,My mother and I went to this place and we were extremely excited to try a Lyonnais meal. We enjoyed our meal but felt that the ambiance and the staff lack...
80,H6cT7xZVxo5Uhnri8dex5A,_tgUwingyEGwcKTFC8ttTg,3,"I was a little harsh on this place. The sausage was almost nauseating in looks, but in retrospect, it was probably very local. The loosely sheathed sausage..."
81,bRiGTzd5FdeWNqjOmk4klg,_tgUwingyEGwcKTFC8ttTg,5,Splendid experience there! Be sure to reserve ahead of time. The place is very popular and kind of small. The restaurant is located in a street where...
82,1jEWBPqUPGY8rp3m_VeDSA,0KuPTrSV7Fiefh05xovAfA,5,"When in Lyon, one thing I look forward to so much is food! Lyon is foodie's heaven.  I've been so lucky to run into so many great restaurants at every visit..."
83,AGjgUjJoq_-jQyAEKXrDJw,0KuPTrSV7Fiefh05xovAfA,3,The restaurant is a bit over rated. The food was quite bland. I asked for some spicy sauce and they brought me chili powder! Everything was a bit on the...
84,jhSUOzrcHuVAVF2TpBkRzw,0KuPTrSV7Fiefh05xovAfA,5,We had been looking for an authentic French restaurant and we found it here. Gorgeous presentation and preparation of their food- it was the best food we...
85,vBpipF3CP37q3MkPP_UnTA,T80I6TvMHB19QvPD1aADZw,5,"Quite simple, traditional, tasty food. Better than some Michelin stars restaurants we've been to in France. Service is efficient and friendly.

Door is not..."
86,G0xkXpLA3OQCBwnxdCqCpg,T80I6TvMHB19QvPD1aADZw,1,"What a disappointment!!!
I am in Lyon the gastronomic capital of the France in the one of the best places recommended by the Yelp, TripAdvisor and such......"
87,EjZ5x4WfmiJoykC8DL6IQA,T80I6TvMHB19QvPD1aADZw,5,"This restaurant is specialized for typical cuisine Lyonnais - bourbon lyonnais.
Very delicious.  the quality is more than the price. I like this place for..."
88,dT4HqJaTbbReMv7HmthDeA,3tL8mx9b9chnzzV03mA4Jg,5,"It ain't cheap, but you probably already knew that - 2 Michelin stars rarely is (though check out La Pyramide a bit south in Vienne which is great and more..."
89,FCK6elyq2efr7Bcz5uYfPw,3tL8mx9b9chnzzV03mA4Jg,2,"Probably the most anticipated meal of our trip to Lyon but was a let down.   We went for lunch and the restaurant filled up fast.  Great service, wine list..."
90,MMzWz2eGjtUxMzvfZQ1Pqg,3tL8mx9b9chnzzV03mA4Jg,3,"We were trying to decide between La Mere Brazier and some other options, and we wanted something  with more traditional style food, so a friend recommended..."
91,GGvnJojuzTRTtH0V1WzP5w,Mm_mE_JrjA-YD_i8DBDGpg,5,"Great cakes, drinks and of course kitties.

The kitties are friendly and snoozy, what's better than having a cat trust you and sleep by your side?

I loved..."
92,k-SjHdStqK1r9S9CtJyM_Q,Mm_mE_JrjA-YD_i8DBDGpg,3,"Let me start this review by saying that I have been to numerous cat cafes and this doesn't stand out much. 

Since it can be quite crowded during the day..."
93,cB6wKTV33n_eNbT51-HNbg,Mm_mE_JrjA-YD_i8DBDGpg,5,Thank you for a pleasant morning of tea and sharing your cats with us today. We are visiting Lyon and tea with kitties was a highlight. If you enjoy the...
94,Y24jnuMFsY776mj_znjoTQ,yjroFUwIovniHte_mAmQaQ,4,"Ok Ok, I am American, from Brooklyn, and I do enjoy a good burger.  I was beginning to think that it was impossible to find a good one in my newly adopted..."
95,KEcafQazmAi7uRLQLTvnAg,yjroFUwIovniHte_mAmQaQ,4,"Ok this was quite amazing. I got the Butcher burger. It comes with a bigger patty than a regular burger, bacon, and fried onions. The burger was cooked to..."
96,G2h9ElZbTyvxbgNAxamgsg,yjroFUwIovniHte_mAmQaQ,5,"My friend and I made our way to Butcher based solely on Yelp reviews, and we were not disappointed. We started with the medium charcuterie + fromage..."
97,DpkdGvYInu4reeBV0Kan5Q,qoT-yALXQoGKbWtCXxxuVg,5,What a fantastic collection. Beautiful building with a tiny garden. Friendly staff and spectacular collection of modern and historic Aeropean art and arcaic...
98,cu-KXiuTFhyaYwmtF08jrA,qoT-yALXQoGKbWtCXxxuVg,3,"Yes many classics here! But to see the more well known pieces buy the high priced ticket. Wish some one would
Have told me that when I went. They also..."
99,2zIpJZRLsZbP8IB1e_Z9SA,qoT-yALXQoGKbWtCXxxuVg,5,Great place to visit.   Lots to see but not so gigantic compared to Paris.  Bring your camera and hunger for art.
100,W0VPIiMom9VHHIOUCV9nlQ,2XjQh8g5Ir0wwc7-f7Jzig,5,"This was my first ever Bo Bun and it was a joy to behold! Absolutely breath taking, and the smoked salmon spring rolls were also delicious! The owners are..."
101,vfejA8_qNL0k0rHWnAD28A,2XjQh8g5Ir0wwc7-f7Jzig,4,"Good place to eat specialties from Vietnam, quite affordable. Unfortunately very few vegetarian options (no meat, no fish). Still, nice waiters and boss."
102,rHJ7e0YfwoD31J9vfL4CCQ,2XjQh8g5Ir0wwc7-f7Jzig,4,Walking south from cours gambetta with family for some adventurous meal we bumped into this corner vietnamese restaurant. Nicely prepared tables and large...
103,mdrDkd0VJV1qwXArXCHHRw,y09n9C8t2-MYSaooQWoA2Q,5,We were directed to The Star Ferry by a wonderful employee at the Office du Tourisme in Lyon.  I am SO glad we were!  We enjoyed a walk at the park nearby...
104,Sh1ci0Pk5-0RiIve-x8wSg,y09n9C8t2-MYSaooQWoA2Q,5,"This is a great place to come with friends/family specially during Happy Hour!(17-20H) The services it's pretty good, the waiter is very funny, respectful..."
105,l7KleDcCkzjB7wdBE67fqA,y09n9C8t2-MYSaooQWoA2Q,4,Delicious Food.  Great Beer.  Excellent Location.  Reasonably Priced.  What's not to love?  A fantastic burger (though I think Butcher still wins best...
106,Lqe1ZT6cSTyaaWhbR6mVtA,KPbqTBnOHAjsirzwNBEOPw,3,"I'm torn between 3 and  4 stars.  I like this place, definitely has charm and the personnel are very nice, but it's missing something.  It's a new..."
107,2D6GBQdkIV08VD60_9uAnQ,KPbqTBnOHAjsirzwNBEOPw,4,"Great staff, friendly place but only one bathroom was an issue. Last night was an African chick DJing for most of the night. Just dreadful music. Music so..."
108,XO9vUBfbdyFU4CXoHS5D9A,YpZ86Ll7P_Ala_mKQcOG5g,5,"We'll be careful with the "" OLDER"" review this place is new  from 3 weeks and is really good! Maybe better as before ! The chef is on top of is game ! The..."
109,-lKtD5L_5ouFJX-1m135VQ,YpZ86Ll7P_Ala_mKQcOG5g,5,Everything about this place is great. Low key and the focus is on what is important - the food. Try the French onion soup or the salad lyonnaise. You won't...
110,EUBo-i0el4D2iaEsE8WJgw,YpZ86Ll7P_Ala_mKQcOG5g,4,Quaint little restaurant that forces you to dine with your neighbors which was actually very amusing. Food was really good and inexpensive!
111,CgzN0oGKhF51WznwUxwm5Q,hCH4zlahwKzn8JG8y6TRkw,5,"This is an awesome place to hang out with friends and grab a drink. The food was not bad either but this is definitely not a food place. 

We stumbled upon..."
112,O_-KNSPAPkKrUefy2d7uJQ,hCH4zlahwKzn8JG8y6TRkw,4,English speaking good mixologist (bartender) all these fancy words...had the old french it was good nothing like a good ol cognac with bourbon. Had a cheese...
113,krOgga6rlsSczbu_azgjcw,hCH4zlahwKzn8JG8y6TRkw,5,"Exceptional food and service. Have tried brunch on a weekend and lunch on a weekday, and I would recommend both experiences."
114,Y5174HP7qEavx6OmNNuWKg,5IY5jD4UXb4jJWAbPdYi4w,5,"When preparing to come to the gastronomique capital of France, my teenage sons asked to go to a special meal.  They are working on their manners (yes, I did..."
115,QMr0l2FOyGtZTuL4Iq7ZeA,5IY5jD4UXb4jJWAbPdYi4w,4,"Would love to give this place 4.5 stars if i can. This place is simply amazing and basically good bang for the €€€


We were served with soooo many courses..."
116,Lrf7z6YbgnicUVWyvE5z-g,5IY5jD4UXb4jJWAbPdYi4w,5,"This is an amazing venue that I will definitely return to whenever I get another chance to visit Lyon.  The ""surprise"" menu is definitely worth trying...."
117,n_d1KnzBWB8Grd7xVSCD_w,4M4EbOACw5ERBkKOD_ifqA,5,"Had a lovely dinner with my friend here in this tiny, snug restaurant and it was the best! 

SERVICE: Their servers here speak English, French (bien sûr),..."
118,XFRVU8kEyBXs58M4RxPP1w,4M4EbOACw5ERBkKOD_ifqA,5,Best dumplings Iv had in a loooooong time! So glad we ventured over to this part of town. The Chinese food at Engimono is very good and fresh. The king pao...
119,X0fCbdC67SZiY1-Sq6yCGw,4M4EbOACw5ERBkKOD_ifqA,3,Good start with very hospitable staffs. Order taking was swift with good suggestions. The flavour is on the strong and salty side so make sure you mention...
120,n3-LTmGTb8q1Ny0IIsRZzg,-VWkwrdHhBSJX3CK4s40XA,5,"Hidden gem - don't be dissuaded by the ""buffet"" - that's just the foundation. The meats are perfectly spiced and cooked and the sauces are excellent. Decor..."
121,aB9OZz4R3paNZeTErGxOhQ,-VWkwrdHhBSJX3CK4s40XA,5,"Came here for the 12.90 lunch and I must say it exceeded my expectations. I thought it was vegetarian only but there was plenty of meat. Fish curry, chicken..."
122,BAVLXlY3dSmxVKReODD4sw,-VWkwrdHhBSJX3CK4s40XA,1,Horrible experience. We came from states and searched for some Indian restaurants in Lyon. This had the best reviews so we settled on this. Food was below...
123,_PQi_7JJAgK5EyBMtW6A2w,4V_oXWIk_jQuL0ZSPD4c6A,5,"I was suspicious it would be good but it was really excellent.  We ate lunch downstairs.  Service fast and friendly.  
Husband had the chicken and cheese..."
124,peqcOmRgkPc97Up9T5Z6UA,4V_oXWIk_jQuL0ZSPD4c6A,5,"A perfect respite from amazing French food, even though the Tex-Mex has a distinct French flair to it. It was very busy so make a reservation, but they were..."
125,-7GpLBzSArs-fI4Z2pFQUg,4V_oXWIk_jQuL0ZSPD4c6A,4,"Went here over the summer. I ordered with a group if 3 others and they forgot to make my order, but gave me a free margarita for the wait. The nachos were..."
126,RO4FfWaY-XiuFa7lAKyJ7Q,qqokROVQuJTE1_uHo8xBuQ,4,"Guy & Sons is a delicious burger place in Lyon. Just really, really good burgers. I'm so glad we found this place. Its a bit hard to find but worth..."
127,wuaywIrewbahFdOwDqcijA,qqokROVQuJTE1_uHo8xBuQ,3,Burgers are very subjective. I like mine juicy but with some crispy grill flavour. This one was juicy and cooked just perfectly and to the point at medium...
128,0EPfVqGgW5GtvSlZ_UAxEw,qqokROVQuJTE1_uHo8xBuQ,5,"Why does Guy & Sons get five stars? 

They make a damn good burger, that's why. 

The classic burger is juicy and under 10€. (Fancier burgers cost more, but..."
129,grEZkt6CW9ZV7ag5E6VwTw,1ZzD1b5hnlpHV9pJ1OlQZA,4,"In Lyon for a night and day.

Because of the holiday, many of the truly superior restaurants were closed.

L'ouest (The West) is one of several restaurants..."
130,pwThUMGeF0PMPUEpaJzv9A,1ZzD1b5hnlpHV9pJ1OlQZA,4,"Lyon - the food capital of France. Lyon is a famous food destination, partly due to the number of world class chefs training and originating from there. So..."
131,rYGvAnH0Jj9r5bcpUf057A,1ZzD1b5hnlpHV9pJ1OlQZA,4,"Beautiful terrace!

We stopped for lunch here today and were really pleased. It's a lively restaurant with mostly locals that are on their (boozy) lunch..."
132,AUidIQaOkynCQ37tnV1Bsw,ZQdcFRYDMavMKvfDm_aQPg,5,"This was one of the many highlights of our gastronomical trip through Lyon (aka our honeymoon) 

If you're looking for amazingly prepared dishes that are a..."
133,nR_jawh_3ywfN1qGllRZbA,ZQdcFRYDMavMKvfDm_aQPg,5,"My co-worker and I just ate here and it was amazing! We went to Paul Bocuse and PRaiRial, and we thought this experience was better. We got to sit at the..."
134,mE47wZufvxdn2MwO-T84ig,ZQdcFRYDMavMKvfDm_aQPg,3,"We heard so many good things about this place. But ultimately I think the best way to describe our meal was ""creativity run amok"". It was..."
135,S3Z1QeR8xAz0_CECN3olGg,_xHwUDvtyGiuBE8P6W81XQ,5,"Exceptional food and coffee in a fresh, friendly space. Joyful vibe, comfortable sidewalk seating, reasonable prices, ample portions,. My only regret is not..."
136,H0Y9HF3Sze_NrZLLkNR8GA,_xHwUDvtyGiuBE8P6W81XQ,4,This was actually my second visit to Konditori Paul Bert - though the first was just for coffee and a slice of pretty good chocolate cake. Their coffee is...
137,lSi157XcwraMVzD4z2VmqA,_xHwUDvtyGiuBE8P6W81XQ,4,Great brunch with friends! Love all the options and a great choice for everyone. The formule is fabulous and filling - we were all able to try the different...
138,Zid1fpdJslpH2NUgZYIoAA,htdP_J05fUeF6PBpV210Gw,4,"This is the burger house we had originally meant to go to on our first day in Lyon... Better late than never I say.

The burgers here were tasty and..."
139,c2qkF_mrs2WYm9Opg9Rwvg,htdP_J05fUeF6PBpV210Gw,5,"These young, up and coming chefs and restaurants in Lyon, surrounded by Michelin start restaurants, are turning up some really good food and Les Frangins is..."
140,Gm1kyeyQ_gIeJqr6eehzGg,htdP_J05fUeF6PBpV210Gw,5,"Les Frangins is a must if you are visiting Lyon and enjoy a good burger. This was probably in my top 5 burgers ever! The ingredients were fresh, the meat..."
141,XCV_yXetplWNmJ_3engLOQ,dYXlZUbHn67TX0_fGxMSZQ,5,First lunch in Lyon with my wife. She found this place and made reservations a few weeks before our trip. It's a culinary school with a restaurant and hotel...
142,0eMpGtwAPgt5Zssr3H_jIg,dYXlZUbHn67TX0_fGxMSZQ,4,"This restaurant cooking and managing schools was founded by the legendary Paul Bocuse. The staff is young, very anxious to please and at times a bit..."
143,JUJSH8IfSbL-BeqV3tHu0g,dYXlZUbHn67TX0_fGxMSZQ,5,"On a tour with passengers from our river cruise, we decide to go along with others on this morning visit to the L'Institut. We are very glad that we did...."
144,Ru_2TpomPSYzeHC52JWINw,W1vnlgCwIDBmmkSUCxWOmw,5,Hands down the best meal we've had--or will have--in France on our two week trip. You will leave here feeling like you are on a float of meringue flowing...
145,cCULnYva1t3IN1_ip_GJqA,W1vnlgCwIDBmmkSUCxWOmw,4,"A bouchon is a Lyonnaise institution serving traditional Lyonnaise dishes in a casual, bar-like setting. For my visit to the city, I used Anthony Bourdain..."
146,EzhMnUJUDvpeVtRwyIOfAg,W1vnlgCwIDBmmkSUCxWOmw,4,An excellent establishment that serves up authentic Lyonnais cuisine. Historical interior that was likely preserved from the early 20th century when the...
147,5fBG84mQu-T_Lb8VLWAZeA,RZeaPnhpOxyjq1yUxiKPBw,4,"Warm, cozy and happy after my meal at Yabio. Very happy to see an all organic burger restaurant that is convenient. The burgers are definitely on a more..."
148,5Q8E3U7VJCnz7--8NazgGw,RZeaPnhpOxyjq1yUxiKPBw,4,"I am all about a really good burger. I'm kind of a snob about it, really. So I didn't wait long to give Yabio a try when I heard that a new trendy burger..."
149,lVJaq9J70t4zr8bOlCz8Eg,RZeaPnhpOxyjq1yUxiKPBw,5,"Delicious burgers, awesome homemade fries, everything is organic (also drinks)! The design of the restaurant is creative and pretty and people who work here..."
150,vvy5s8z6vzUpzltYUwTlgg,Do76UW4uc7j-dcGxtg3KxQ,5,"Do you know the macaron? This delightful little piece of sweet happiness is the specialty of Henri Bouillet. This patisserie is unique, and you have to try..."
151,8_yHpI9tJP42tohpEHqFQw,Do76UW4uc7j-dcGxtg3KxQ,4,"Items Selected:
Strawberry, Biscuit, Butter Caramel, Pistachio Macaron
Butter and Vanilla Caramels
Tarte Tatin
St. Honore with Crème Caramel Base
Baba au..."
152,XtimPNw8I7GX71k8pdCCAg,Do76UW4uc7j-dcGxtg3KxQ,4,"Yum!

Prettiest little pastry shop ever. Even if you don't buy anything, just stop in for the lovely smells and colors. Every pastry is exquisitely made and..."
153,POaI_fXe-0l4c3-vnwdf7w,ekX5WWrAcdsZG76DzbozBg,5,We are at the Cafe Thomas portion of the restaurant and it was amazing. We spent 60 Euros and left very full and that included a bottle of wine.
154,N_M806tDcy86EAjV62YUtg,OscfCW5U1U4hpcd_-cPzkg,4,One of the few places open on a Sunday for buffet brunch in Lyon. Right on the corner of a building in Croix Rousse.  Amazing set 4 course meal with dessert...
155,GRPccMrIqcdAE1vl91x7cA,NuyOKplBcV0GyPNMDcYyog,5,I was a little nervous reading some of the other reviews on Yelp after making a reservation here. I watch as much Top Chef and Anthony Bourdain like show as...
156,6jZ2acjHqCh3k_rVDtFyOw,NuyOKplBcV0GyPNMDcYyog,3,"I really wanted to love this! At the end of the day, the service - which I expected should be top notch based on the price point - knocked this down a star..."
157,fiDdlb0Xv3LL6xiXtpKPzQ,NuyOKplBcV0GyPNMDcYyog,4,Ate here last time when I was here in Lyon 2 years ago and it was awesome!  Returned tonight with friends for our second to last night dinner. Food was as...
158,aq3pSGFK033SlYhBCYulvw,peCkS8_5VUd0vIGONBt55Q,3,"Understaffed.  Out of a few menu items, but good traditional Persian taste, albeit small portions as others have mentioned. Would try again earlier in day..."
159,6-rSN5_EaJ7n_Kx3vM20mQ,peCkS8_5VUd0vIGONBt55Q,5,"I am a big fa of Persian food so I was pleasantly surprised when I saw a set lunch for 15 euros, well below the lyon average! The beef kebab was pretty..."
160,qOYiFMnPngkx0KOj-TFGVg,peCkS8_5VUd0vIGONBt55Q,3,"It was my first experience of Iranian food. Nice ambiance, well-located, food was good but honestly, the main dish(gigot d'agneau avec le riz) didn't..."
161,SHnjUYfUX24yE7Vfdsvd5A,3qIMr7M9lsfycyodWah49g,5,"I eat for a living ... and this was eating!
Fantastic!
I let the hostess choose my meal since I am travelling through and know nothing of the region.
She..."
162,enxF9-v5VHFAcs9OyWAfDg,3qIMr7M9lsfycyodWah49g,5,Went today for lunch.... No reservation ... Very welcomed and given a great table ...   Has an upstairs but down were maybe places for about 30 covers........
163,aOdCwEosCURWgvtHajKcug,3qIMr7M9lsfycyodWah49g,5,"Great place, very friendly service, nice simple menu for 21€. I had the 3 course menu of:

Blood sausage and Apple tart.
Pike mousseline in crawfish..."
164,TATBd9bAKlKxSdGpUjmRpg,E8odJXaATNwRp_Fq929mCw,5,"The banks of the Rhône have a different vibe than those of the Saône. I enjoyed walking along them just as much, but failed to see how it looks at night..."
165,OVrmCnGCoKSGoEYXLWOoSw,i_SYPQsTPZFsC33K_TXAxQ,5,"My friend Shannon had the idea to come here and eat some mini sandwiches. She has a lot of good ideas, but even so, this was still one of the best ones..."
166,PXzNWfHc_qeJNGqND5knZw,i_SYPQsTPZFsC33K_TXAxQ,5,"Very good sandwiches! My favorite was #32 Rossette de Lyon, beurre, cornichons. Also the dessert of the day which was fresh cream with strawberries was a..."
167,WxR_2CqlLrBjj0qylxML9A,i_SYPQsTPZFsC33K_TXAxQ,5,Found this place by accident. It is a brilliant concept of artisanal fast food. The multitude of choices of small sandwiches is great. But the most mind...
168,zeQqK8TFFcSof1lmdeVJYw,m5CkWAJ6pbcdeypTw-2tWA,4,"Great little spot to sit, have a snack, people watch and enjoy Lyon."
169,tImcQam_yQTwlCgoIdxDjA,m5CkWAJ6pbcdeypTw-2tWA,3,I don't want to be a hater because Le Tasse Livre is cozy and their waffles are tasty and they have some fancy smoothies and milkshakes and they've also...
170,1lS22ciBeKxp3h_Ifw3C6A,m5CkWAJ6pbcdeypTw-2tWA,4,"Service can be a little terse at this neighborhood cafe, but most bookworms won't mind. And actually, strangers often strike up conversations on the..."
171,nnK576Mx7_ev7uapEolpQA,1fuQS80BUBkEUBvXta2pFw,4,"Lovely little joint with lovely hearty tradition bourbon style food!

Choice is simple, you all have a set menu €26, 4 course, and all you need to do is to..."
172,VscMc8Vui4eUWVwXKQENuA,1fuQS80BUBkEUBvXta2pFw,4,"Excellent service by friendly young ladies. Limited menu, and at a reasonable price, which offers a 4 meal course. I selected the pork cheeks which were..."
173,f3F6EyO7C1Tb6ISsc7yglQ,1fuQS80BUBkEUBvXta2pFw,5,"When it's the last day of a fantastic two-week visit to France, and you're in Lyon, the country's culinary capital, and you fancy yourself a bit of a..."
174,pnuXzCPak0QfTTzRGdqRmg,cy7HcfsUjz37ab-NlLL0Mg,4,I ordered the lasagne and was pleasantly surprised by the amount of flavor that it possessed. The proportions were a bit smaller than I'd like but it was...
175,Q2hBEcnA16iPIa_xMLKfRQ,cy7HcfsUjz37ab-NlLL0Mg,2,"Just had a Sunday brunch here. Was really interested in eating fish so what better place, right?

Service: 1/5 stars
We came when there were only two guests..."
176,4OdkjHpAf_H7UtoszLeFNg,cy7HcfsUjz37ab-NlLL0Mg,2,"We are global travelers, and wanted to try something different while visiting Lyon.  We were greeted at the restaurant , and there were open tables near the..."
177,xYwiraHH09IfgfygEABpcg,W7M77hpCdh0m7QrgPHaBpA,5,"La Crêperie du Major has won several awards for best crepes in Lyon, and while I'm not an expert on crepes, theirs are excellent.

Not only are these crepes..."
178,IUDSw_tTIVSjzYit2Ghl4g,W7M77hpCdh0m7QrgPHaBpA,4,"We had such a good meal and time here. We arrived around 8 pm on a Saturday night, before the restaurant got real busy. The owner was very welcoming to us..."
179,HjD-DSDC_qfren2bu92cAw,W7M77hpCdh0m7QrgPHaBpA,4,"4.5 if I had the option.  Rue du Major Martin is more like an 'alley' than a street, but that just adds to the charm of this place.  We always like to eat..."
180,zKyi4dMufbtkSTNBKvABlQ,O2oHBR2TvNZQY1DbzRByjA,5,This place was a gem that we found in the old city of Lyon for dinner one night however we found out that you need to make a reservation. Good thing we...
181,y64KKq0PeeuEURsXkV02mQ,O2oHBR2TvNZQY1DbzRByjA,4,"You will find rich, buttery, and homestyle lyonnais food here.  

They actually give you a huge block of butter with your bread so start digging in.

The..."
182,4iCAHfSOJ6_uqhGDaiYK1g,O2oHBR2TvNZQY1DbzRByjA,4,Fun bouchon in the North East corner of old Lyon. The  terrine appetizer comes out as a full loaf pan and you are instructed to eat as much of it as you...
183,-AvbZRG7tqo70KnbyfcizA,_-a6dVvXBwB3FcqtB13VbQ,4,"Great place to grab a bite and drink. There's plenty of seating inside and out. We came early, around 6 when it opened for dinner service and were seated..."
184,fyc6Z6fJ6VghiPTN5bkEnA,_-a6dVvXBwB3FcqtB13VbQ,5,"So. Much. Fun. The bartender tolerated my rusty French, and my husband's nonexistent French, and we had a blast. We told him what kind of wine we wanted,..."
185,Am8_Cox_bevn1EX4VnKKtw,_-a6dVvXBwB3FcqtB13VbQ,5,"Formidable! :) I wish I were here, right now. Quite possibly one of the best meals I've eaten in France. The escargot were so perfectly-flavored with a..."
186,1C8BJ1X-OOLaZaVFamY9jA,fkq5-dukriFsNIgbSsKk-Q,4,"This cute little Alsacian cafe/restaurant encourages a culture of sharing, and do a wonderful fire-baked flammekeuche. They don't have any other main course..."
187,f3QvTMPB0_Std44-m0yQGA,kue9uNdjeoMJtwHOpLMC9w,5,Went here for lunch As it was recommended by one of the food guides and I was pleasantly surprised. Firstly it is up high with a great breeze and eastern...
188,20xcs8oD-FY6Eh9wMGAEmQ,kue9uNdjeoMJtwHOpLMC9w,1,"Firstly, we were served muscat wine and bread. The bread was fairly good, but we were not served any butter, which ruined it for me. The starter was..."
189,Jvn7VZRQ8I5sLJFGMhwP3g,O_mkpslwGjvW6XZQyHdvwg,5,This view is less crowded and more beautiful than that of Fourvière. A must-see in Lyon!
190,P_rk48w4pIWI_vlTTp8pCQ,0-zRLd8t1rRnHg7f_DAl-A,5,Loved this hotel. Took my Boyfriend here for a surprise weekend away and the hotel was perfect. The staff and especially the concierge were incredibly...
191,Y7mDJv4tFz9W2XHV1fQ3zw,0-zRLd8t1rRnHg7f_DAl-A,1,"Bugs crawling in my breakfast delivered to room (having originally thought they were melon seeds)

Disgusted,  I called to have them remove the tray and..."
192,t_F02Ptu81lTgUNpNAwpgw,0-zRLd8t1rRnHg7f_DAl-A,1,Very bad customer service. We have booked one room for 3 days. Our last day we came back to our room and we realize that our staff was not there. They...
193,uz7D26pykQor_VpJ1d-2Qw,Wpad5cg2fksDYTCWiIP-MQ,5,I don't usually like fusion food because it is very easy to screw up and many chefs tend to get too creative and combine things that are not usually...
194,yUbFCyySl1A04aagctqOxA,Wpad5cg2fksDYTCWiIP-MQ,3,3 course japoniase French cushion dinner.  Not bad for 30€ better than some dine LA bs..had the chicken marinated with wine and sake cooked for 10 hrs and...
195,fhfq4GRNoGyukP0LSGDusw,FgDVkryINEr8YLHHEiFwIQ,5,"May 11, 2017 Thursday - 8:15 PM for dinner
4 adults

Atmosphere - 4 stars
Food - 5 stars
Service - 5 stars

Background - Travel day and wanted something..."
196,iiGmglNf9QtjaphAjwHH4Q,FgDVkryINEr8YLHHEiFwIQ,3,This restaurant seems to be a popular restaurant for burgers in Lyon.  The timings are weird as there are limited hours they serve food though it's open...
197,uAkcvtDNHTajjAEpUdY3qw,FgDVkryINEr8YLHHEiFwIQ,5,"This place was the very first burger restaurant in Lyon and the only one not so long ago. Everything is home made, there is a true passion for quality and..."
198,nFjEMa7hTQWHKGyZdKigJA,AV_gMfrWoW0an_mEilFLKQ,5,"GREAT pizza! Hearty portions, friendly staff, wish I lived closer just to eat it more frequently!"
199,o33cNI2cuE3q4mXn0Hq2jA,AV_gMfrWoW0an_mEilFLKQ,3,Pizza made to order with some good options for vegetarians and meat lovers. The service is a bit slow and the pizza sauce does need some more flavor to it....
200,mbHy71vLJb_80tq2nBecOg,AV_gMfrWoW0an_mEilFLKQ,4,Waitress was very attentive. Many choices and pizza oven delivered quality similar to that we had in Florence. Very reasonably priced and great choice for a...
201,nQi_iwZWq5daAMXHMDOIfA,g9FMzrb-1QchxKC56Oehwg,5,"I love this bar. The music selection is choice (with a DJ appearing later in the evening on a Saturday night), the cocktail list is fancy/hipster/delicious,..."
202,u5wunOLxR-h5-z_-iG_V1A,g9FMzrb-1QchxKC56Oehwg,3,"A nice place to hang out, but the drinks were too sweet for me. The bar staff was friendly and the old movies showing over the bar provided interesting..."
203,yyyHUgRHQAGxICJ4945g5w,g9FMzrb-1QchxKC56Oehwg,2,"I would have given 4 stars for the cocktails (yummy but nothing out of the ordinary and pricey), the music and the look of the bar (although the mug shots..."
204,4cUDvJnJ9bsCqsg66RKxaA,KLG6DMQicupaCCMqhIEOEA,5,"I spent a lot of time studying here while in Lyon. It's a unique space with a nice coffee, pastry, and snack bar. The music and furniture give the place a..."
205,rw9mfhzkSIs_W8NxL6-YhQ,8K9ilwWSlMQ3alcwiHqBKQ,5,"We were full from our lunch, but started to get a little hungry around 9pm.  We decided to drop in to this neighborhood cheese shop for some charcuterie and..."
206,00bYR-XERP-25QVsnS3mTg,8K9ilwWSlMQ3alcwiHqBKQ,5,"I went back the next evening. Very casual, delightful place. The second evening I had the cheese plate as my 'main' course. Delicious.  A selection (10 or..."
207,1y3Zyk-VbuiW_TM7s9dUNQ,8K9ilwWSlMQ3alcwiHqBKQ,5,"Awesome date night spot. 

My girlfriend and I got a Cheese and meat board platter and raspberry creme brûlée. 

The ambiance was good and the waiters..."
208,gyqZofKm__HOAnh7vPAYQA,hq6eVEOIPMSzk9pfbFfp0Q,1,"After buying a €10 cocktail and waiting 40 minutes for the €15 per person shared 'Thali', I can safely say that this place was a huge disappointment. 

The..."
209,FGn0eAz1jQOyG6Wjiv_mpA,hq6eVEOIPMSzk9pfbFfp0Q,1,"Worst Indian food ever!!! You don't get to choose your dishes, they select for you from pre-made non fresh of deep fried chicken and prawns and cold..."
210,f-JCbm2QAWZKnRN5-Oacgw,hq6eVEOIPMSzk9pfbFfp0Q,4,This place has surprisingly excellent shareable Indian fusion food! I thought that the platter they serve had an impressive selection of yummy options. Not...
211,WjZRbE1cZS7AjeF0Q96-Cw,LBxTmvOkPdDn5joCfG_SyQ,5,"This was our first Lyonnaise bouchon - it seems every restaurant in the old town area is a Lyonnaise bouchon, but a friend who's a local recommended Daniel..."
212,MnhSWwzVRnpLwMP77gNHmg,LBxTmvOkPdDn5joCfG_SyQ,5,"A very quaint Lyonnaise restaurant in the heart of the city. Highly recommend a reservation if you come on a busy night, we came right at open on Monday and..."
213,3pnabsHmeEkQGYK1KHRvvw,LBxTmvOkPdDn5joCfG_SyQ,2,"Eh.
Was recommended by our hotel concierge and thought we had a winner because it was also Frommers.  Food & service was marginal.  With all the available..."
214,a84BrdE6rbWfbBREmtHiWQ,lNZdIcCXDPg2k13S7gKFqg,5,"Excellent 2 star Michelin meal. Reminds me of Nikki's cuisine from Peru. After gorging myself on the Paul Bocuse Menu at Auberge the night before at , the 3..."
215,6o6DsQe2hHndoa5lKj555g,lNZdIcCXDPg2k13S7gKFqg,5,One of the best meals I've ever had for this 2019 two star Michelin restaurant.  It was a great experience.  Everybody there is ready to give you excellent...
216,nRT5vPogu0fp4mP9dhNG9w,lNZdIcCXDPg2k13S7gKFqg,5,Walking into the store the vibe is way fancier than we were expecting. There were only 10 tables in the restaurant but at 3 waiters on the floor. The...
217,jyoNENID9esHxAoX55FJsw,fFfojoklUQQC4HSECI7nBQ,5,"Trying to find a place in Lyon that my wife and I would enjoy AND my two sons (12 and 15) is a tall order.  

The classic Lyonaisse ""bouchon"" (with their..."
218,TcTlYcPb4EperT-VJfYxYg,fFfojoklUQQC4HSECI7nBQ,2,"The food is very good. The service is performed by young, unsupervised servers, who could stand some basic lessons in restaurant service and civility. 
No..."
219,w5L2mg2D-ZUkvNjeNuAMlg,gOIP-B7QXbRKUzO91Hlk_A,5,I cannot even express to you how incredible Alyssaar is. You really just need to go to experience it. All my other dining experiences in France (and...
220,vTZygJMMwrSnC5l0hpJqQA,gOIP-B7QXbRKUzO91Hlk_A,5,"This was a delightful evening, beginning with being greeted by by the owner when we arrived. The food was excellent and beautifully plated. The owner/server..."
221,iVLB5GNd1n2RkOW5EbMcfQ,gOIP-B7QXbRKUzO91Hlk_A,5,"This place is wonderful!  Warm and inviting plus delicious food.  What more can I say?  The host is friendly, helpful and funny.  As the only one working..."
222,NkZK328d9JNcpyJFrdDZpg,DxTfU2XbRL5ZP3BmtN-PJw,1,"I don't usually write reviews, but the owner of this restaurant is a whole other level of an AWFUL human being that deserves a special review. There are so..."
223,hNNBCT01Ip6UsFUzZ-Q_lw,DxTfU2XbRL5ZP3BmtN-PJw,4,"Great experience and excellent service. Really enjoyed the duck with fig sauce as main. Smoked salmon app was smoked on premises, but didn't think anything..."
224,uhpoc4RI3UgiIX6iuPNAlw,DxTfU2XbRL5ZP3BmtN-PJw,5,"Very interesting setting. Each table has its own little Mise en scene.
I had the four gras that was interestingly paired with  Apple puree and fig on spice..."
225,Oogrjb9BfwrD5jUaaI8J1w,TmEmoa15_mS-U51nC1nvng,5,We came here with family that lives in Lyon. The food was absolutely delicious! The flavors were great and I certainly recommend trying it to anyone looking...
226,Kd_0n8FCTn0ELr_Zshum8A,TmEmoa15_mS-U51nC1nvng,4,"We had been planning to go here for ages and then we were walking around looking for takeaway food, and hey. Now we're planning to come back more..."
227,jI8yhjv-YznOWbftyWbm5Q,Yxdg96toE2HvcbOe-1K2Jg,5,"I was really intent on visiting La Cuisine when I was in Lyon, and am really happy I managed. The food is excellent, and the prices surprisingly low. The..."
228,t2SG1PKX34YqmN7ub1DbnA,Yxdg96toE2HvcbOe-1K2Jg,5,"Yes. Yes. And definitely yes. For those that only speak English, you'll be fine here. Now that that worry is out of the way...
Our dinner consisted of (for..."
229,_y0UPKjwhRs1loE6D1IcHQ,Yxdg96toE2HvcbOe-1K2Jg,4,"Enjoyed dinner with three other folks here yesterday evening. The food and service were very, very good - a deal, really, considering the price. I can't..."
230,JrE9L_i-EGOx3ha4hkhyaw,-xElApdTUmrEa0WIc0M84A,5,By far my best dining experience in Lyon. We've settled for the seasonal menu. Foie Gras for starters was great. The Quenelle for the main course was...
231,5gkqCcVbSzqLRx6qcokT-g,-xElApdTUmrEa0WIc0M84A,5,"Who knows why this place is named Daniel and Denise? The owners kids? Their Puppies? Ex-lovers? No matter. What's in a name asked the Bard? 

This spot has..."
232,bM6ZwCs-73amOvrpLoTeXw,-xElApdTUmrEa0WIc0M84A,5,"When in Lyon, we wanted to eat at a legitimate Lyonnaise bouchon.  I can't describe what makes it a legitimate bouchon, but we trusted all the..."
233,lOw0VeIuGwcISpOzBsyOhA,OD4Xo2JwJ5x7Pt2GsktezA,5,"One of our best meals in Lyon, even President Marcon dined here on the same night we were there.

Its upscale, especially if you eat indoors. Lots of suits..."
234,Uu4aL7be8DXnVdc7Qv5U_A,OD4Xo2JwJ5x7Pt2GsktezA,5,Nice place and nice food. Traditional food in Lyon. Amazing staffs gave us great recommendations. Really enjoyed the atmosphere.
235,ShM4n43hJJnqqajiNMGKTg,OD4Xo2JwJ5x7Pt2GsktezA,3,"Items Selected:Gougeres au Saint-Marcellin et Cervelle de Canut
Jus de Mangue, Pomme, Fenouil
Baguette with Olive Tapanade
Pate en croute
Quenelles de..."
236,O795q-7xy6mATLbkflzJkQ,MzHBSjJP8JS5DgQT4kkTEQ,5,Nice English pub in Lyon. It was one of the few places that had great service and welcoming staff in the city. My experience with Lyon was not an overall...
237,HlLWFWvN5mml37LPTefSFA,MzHBSjJP8JS5DgQT4kkTEQ,4,Love this pub. We go here with the squad for every footballgame. Super friendly boss. Rosé for 3€. Warning: no service on your phone in here.
238,n_RIshApXUeWs0oQVzAuLQ,MzHBSjJP8JS5DgQT4kkTEQ,4,"This was a fun, welcoming pub with a good vibe and some respectable draft beer from Belgium and the U.K. It seems to get a bit rowdy as it gets later and..."
239,AvVR0lcpx2d46AlIe_TpWA,SlHjlB8phe4hJg5TafNlyw,5,"Good food! The inside of the restaurant is super cute. Make a reservation online! I got the plate of the day and was very content with the meal. Also, great..."
240,qxgi5m5pFxRyaGvRPCPMHA,SlHjlB8phe4hJg5TafNlyw,3,"The food here was pretty good but not really amazing. The portions are pretty large, but the dishes are a little on the heavier side (but food in Lyon tends..."
241,v0u4ZRQfhAMl4jhd6HSFnw,cTI4V0CWjvQDIxp9nRUmuw,5,"Delicious and unique!

In a town dominated by bouchons, Balthaz'Art offers a refreshing difference. Call ahead for reservations, and enjoy a modern take,..."
242,_qWn6SUA4QjFDPLiYVVjtg,cTI4V0CWjvQDIxp9nRUmuw,2,"Not entirely sure why people rave about this restaurant. Yes, the decor is lovely and the service is friendly. According to my carnivore partner, the food..."
243,0LGjzSAPHjFg6uJ3Belk3g,cTI4V0CWjvQDIxp9nRUmuw,4,"What a lovely place, wonderful food, and warm, friendly experience. Balthaz'Art is a casual, intimate, neighborhood place where locals feel at home, but two..."
244,DbINGRL5R3rXNUJVpjo36Q,FwIZ6xDxy8Ru7nSVOQMvAw,4,"Great Irish pub on my street in Lyon. Sunday nights are fantastic here--it's trivia or ""Quiz Night"", and there's a smorgasbord of questions that deal with..."
245,k-ALKCb-_gctR9cS84R3rg,FwIZ6xDxy8Ru7nSVOQMvAw,3,Alright pub. They speak English here and I saw a few English men here hanging out too. The food was so so...cocktails and drinks are good. They close for...
246,kf-cZUKJpPwJEodlD2AJ0w,FwIZ6xDxy8Ru7nSVOQMvAw,4,A nice British Pub in the heart of Lyon. A wide variety of beers to enjoy. It has two floors and the upper one is so comfy.
247,DLBbvES1qFUS5E3cLn7U3g,vNTOvmbkUucq2LadO2b1ew,5,"Our next stop on our trip was Lyon, France. We were excited to try Lyonnaise cuisine and hoped to get into Les Adrets without a reservation. The restaurant..."
248,6N4OTtLlrx528pzA6LO9Rg,vNTOvmbkUucq2LadO2b1ew,5,This is a great little hidden spot on a hidden street that's worth the effort to find. It's a sliver of a long rectangular room with tables a one Euro...
249,iocPnZ8WXNIZBEtAVvXvYg,vNTOvmbkUucq2LadO2b1ew,4,"Great ambience. We had a prebooking, so were seated quite quickly. I suggest making a reservation. Great ambience. Ordered spinach soup, scallop and..."
250,Lc-LUK0jbvyRFXvbK3hZ2Q,xrpEOEg9Xzb7ckMkNi905w,5,"This is not your typical Asian restaurant!
First it's exclusively Vietnamese. The food is always super fresh. All dishes are delicious.
And you always feel..."
251,xswOWmONlydKRIys_isRVg,xrpEOEg9Xzb7ckMkNi905w,5,"I stopped by this restaurant on my day trip to Lyon, and it's by far one of the best Vietnamese restaurants I've ever eaten at. The staff was patient and..."
252,-RKnKVBxwZ6YSuYMhEFT3g,xrpEOEg9Xzb7ckMkNi905w,5,Excellent lunch today - had buon bo nem which I highly recommend - high quality meat and egg roll on delicious vermicelli - good service too
253,dB52e73r6E-hO8RlbV2Kdg,8lfIDc_2fHiWt_3KRvBz2A,5,We loved it so much we went back for a second meals during our one week stay in Lyon.  Excellent fresh cuisine and a comprehensive wine list.  They are...
254,tWT3SlDTBR7tNmaTJcji1g,8lfIDc_2fHiWt_3KRvBz2A,4,"You need to make reservations!

We came here for lunch and service is good. They have English speaking staff and everything is delicious! 

First time I..."
255,Jmu8JMXg_S1O_E_eU3uGSA,8lfIDc_2fHiWt_3KRvBz2A,5,Located at a quiet corner. Nice to sit outside. Great food. Pork cheek was very tasty and chocolate moose was fantastic. Local beer. Definitely worth coming...
256,OKDVDU598VPp_J8C8SHifg,85tlo1Bxa-0H53GqEFZISA,5,The place itself is very interesting  . They got all kinds of Germany related decorations. The food was pretty decent. Not too pricey.  The waiters were...
257,aMsh1_fK7S9dCvy_QQ8k_A,85tlo1Bxa-0H53GqEFZISA,5,Going here every week! Love the food. Best bagelbar in town. Dinner and drinks for less then 10€. Tip: try the Kreuzberg or the Italianisch
258,dNShIuGG51K4-kPlf_k8ig,85tlo1Bxa-0H53GqEFZISA,3,Love the bagels and the interior of the place! The service was friendly as well and Although we were with a large Group we didn't have to wait long at all.
259,5cpQeBO0GNeQFAUEfnDzzw,n31mSG_RXLqFNH_d_biPdw,4,"Very cozy restaurant with a vibrant, original interior! The food was delicious and the service was great."
260,EfIiO3GXCPXEE1Oo1XzZUQ,n31mSG_RXLqFNH_d_biPdw,2,"I do not understand the hype about this place at all. Maybe if you've never had good Vietnamese cuisine before, you can like it. But seriously, describing..."
261,4iXNlKum95C40NCivImYdQ,NWV600E2NLns3melXgVpKQ,4,Best pizza I've had so far in Lyon.
262,u1fDveiHpqFlSd3FlEFqEg,NWV600E2NLns3melXgVpKQ,4,"Great place for pizza , there are many places ( and camions) that make pizzas in the Lyon area but here you get an authentic tomato base with real tasty..."
263,N_i2vWUh0QSAnHjuSoTewA,NWV600E2NLns3melXgVpKQ,1,Pretty poor pizza (I ordered a margherita pizza) for anyone from the US and the Penne arrabiata had almost no sauce.
264,ls95GjEt2tySXePdsTeYRg,ac-ABUMadLywcjwwSIObMA,5,"my wife and I visited this restaurant last weekend.  It was a Friday night and while we did not have a reservation, our host found us a nice table.  The..."
265,B6shplAJeKitCOP8xhexFQ,bHUNxH07Np4IELkn4QS6Tw,3,"After having Le Karachi recommended to me over and over by the locals, my husband and I finally had dinner there this evening with some friends. The staff..."
266,uocyUzKt23Ioy2Wngsg0Zw,bHUNxH07Np4IELkn4QS6Tw,3,"Apparently the first Indian restaurant in Lyon.
I have had better Indian food, but compared to other options, I found it very good and filling"
267,IJVouFjP2ZPG75vCu3AzSw,bHUNxH07Np4IELkn4QS6Tw,5,Wonderful food. You will certainly not leave here hungry. A wonderful aroma greets you as soon as you enter and the lovely decor and palm tree in the middle...
268,DW2n4QA-AFLNNSTC4yB9iQ,AryEK1ZzWyvYP8oyOHylTw,5,"The food there is excellent, the coffee and juice were very nice and the smørrebrød was very tasty. They offer both a vegetarian and vegan option, and the..."
269,Bx95xl8l_JdBoqJUPL-n9Q,AryEK1ZzWyvYP8oyOHylTw,4,"This new place is a fabulous Scandanavian café! I went with my husband and parents for lunch, and since we arrived at 2 pm, we basically ate what they had..."
270,xXrOavw2LGKR6rexnpSyPw,Fkx2Cu6if7sovhNWbrnQgw,5,I don't consider having ever really eaten at a restaurant until dining at ChristianTêtedoie.  This is easily one of the best dining experiences I've ever...
271,yl7AMn_KCJBoPupyEJue2Q,Fkx2Cu6if7sovhNWbrnQgw,5,It's hard to find fault in a Michelin rated restaurant in a gastronomic city that also has a hill top view. The chefs technical expertise is well showcased...
272,YdXsnhmQvAb4VGJI5o5ZTQ,Fkx2Cu6if7sovhNWbrnQgw,1,"The first half of the dinner was a Michelin 1 star. Second half, we were forgotten. And charged for two glasses of wine they never brought!  (I'm not sure..."
273,1qyVGQcGWe3IUMGYGelIoQ,R9hkcjk0oSeza3Z3J65xfw,5,"Since coming to Lyon, my diet hasn't been the greatest. It hasn't been as easy to find healthier restaurants but also it's fun to try culturally-local..."
274,fe1ByBgfd-nHM5p-760_uQ,R9hkcjk0oSeza3Z3J65xfw,5,Amazing selection of gluten free food! The upstairs dining area is super cute and cozy!
275,-Zp0hhdB4OJwEXNFk44WOw,R9hkcjk0oSeza3Z3J65xfw,4,The fruit cake is absolutely incredible and is both gluten and lactose free! The veggie burger is not bad and the Buddha bowl is also not bad. The banana...
276,ZjYBS4wwl18pzfI5NEuUbQ,pPcAKjQ2iUNZuU1AruSM2g,3,"Dinner has a few options: 3 courses for 29 euros, 5 courses for 42 euros and carte Blanche for 54 euros. I went for the three course because I wasn't that..."
277,xzDMAxrFAB72nI-FRsXgJg,pPcAKjQ2iUNZuU1AruSM2g,4,"I must agree that the food/price/service ratio is really good here.

I had pork cheeks with blood sauce (which I thought at first was chocolate/mole, than..."
278,xpjhhkZjaJEcr98iYZ8bIA,pPcAKjQ2iUNZuU1AruSM2g,4,"I usually visit fine restaurants for lunch because I love 3 courses menus. Not only may they tell you a lot about the chef's filosophy, but they could be..."
279,8E59NvmpUOGRIAB9LsYQfA,mOgOuj6rzxBojClYfiLgyA,5,"Simply, the best Thaï cuisine in town !
Atmosphere is very special... you are 10000 km from Lyon !
High end cuisine, 25 euros for a main dish for dinner,..."
280,s_sn35FwFJkt4XNUWKviLw,mOgOuj6rzxBojClYfiLgyA,4,"A little piece of Thailand in Lyon. Make sure you reserve before going!! 
A nice welcoming restaurant where the food makes you travel all the way to..."
281,oOi5d9xMYESR9bpV4e5Xow,W3RH9w0UFXSITWP8QgVCEA,4,"Had lunch here, two mini burgers, salad, 2 strips of bacon and eggs, and a beer. Oh, dont forget the desert and coffee. Super good, nice location to be..."
282,4WIq9a7sSkQ2tZfT1sT8DA,W3RH9w0UFXSITWP8QgVCEA,4,Craft beer in Lyon!!  I was in the city on a business trip and a French colleague took a few us who were looking for a beer fix. I will say that I'm very...
283,98DCO6dtUpbFDTogseQT5g,W3RH9w0UFXSITWP8QgVCEA,5,"The pub which brew itself its beers!
God bless the ambree!!!
Yes i m in love!


 Just nearby a concert place called the kao. there you
must go to get cheap..."
284,t7S0LHFVUmLL0sC0qqIYYQ,mVh-XVuMZbTrncPd2umFHw,5,"I recently spent two weeks in Europe visiting 10 cities, eating out everyday, and I must say this was the best dinner I had during that two weeks!

I always..."
285,rrB2WDLloAVQ2qWvPIfpqw,mVh-XVuMZbTrncPd2umFHw,5,"Enjoyed a nice meal here that was quite pleasant.  Unpretentious and local, this establishment serves good food just as much as it serves it with a smile...."
286,6OGBtWJ5nLVkKAZF4oVFvw,mVh-XVuMZbTrncPd2umFHw,5,This was the best French Restaurant we dined at during our stay in France. The food was excellent and the wine and beer to match. The staff were friendly...
287,32p7mYOFRplcwH1lvGeqQw,UDhgLMyYNeMnfEX3IQ3-QQ,5,"So delicious and the staff is so nice
Definitely recommend going there for sandwiches or morning pastries.  I went 3 times during our 1 week stay in..."
288,d-djpz6B9bYu9lfpHGWW5Q,UDhgLMyYNeMnfEX3IQ3-QQ,5,"Love this little spot! Great quick sweets and wonderful slices of bakery pizza. It smells like heaven as you walk bye, like most bakeries in Lyon! Loves..."
289,Vc9X-k5D5zq7__d8Uu-98g,UDhgLMyYNeMnfEX3IQ3-QQ,4,"The famous praline brioche of Lyon is found everywhere in the city. (At the Les Halles Paul Bocuse , I saw some loaves at 10 Euro per one!) It's a sweet..."
290,JzKhdSh_cvGBuVc7T6NWfA,L057RHN2ue4J96I3oEIGlQ,5,"Very good, all made in the house: saucesand etc...
The bread is especially tasty. I would recommend to try different varieties, if you take smaller sized..."
291,xQPra3vLpAvXesKXsA8-sg,L057RHN2ue4J96I3oEIGlQ,4,"I don't often have a burger when I'm in France but when I want one this is it.

Love this place. Vibe is cool. Location is well hell it's Lyon,..."
292,myoKCj34bkhVj9GjMczS1Q,L057RHN2ue4J96I3oEIGlQ,3,"Not bad for a veggie burger in Lyon! 

My husband and I stopped here for lunch as we were craving burgers. He ordered one of the beef burgers and said it..."
293,k8U0c3ogX5Pv0POrThhyEg,fLUYEqmJx0Dre-QQ2rWo-w,5,"Well located, good food, friendly staff. One of them is actually able to speak a bit Chinese Mandarin and Shanghai dialect. How amazing is that? Even..."
294,LfxMWQKmlnZUmPIgHZzDPA,0R4_8jIY4xt-2rVS6sz1Gg,4,"I have a soft spot for this place. I'm regular because it's in the 'hood, it's always open, always busy, and the food is consistently good.

I love the old..."
295,K1s3CDq0qlXLk5AOn3JgBg,0R4_8jIY4xt-2rVS6sz1Gg,3,The Fois Gras Pate for starters was fantastic. The beef cheek was OK. The dessert was also good. Service could be better though.
296,biagGB2XVrf1JPNTCilUJA,0R4_8jIY4xt-2rVS6sz1Gg,1,"This must be a joke, we thought, perpetrated by Paul Bocuse; a gag, a spoof.  Why?  Well:
The sardines were from a can.  From a can!  For nearly 20 euros!..."
297,yz5Ky2XR0wTYwQGiFcANUg,4jh9URYNltW1mcWF4psJRg,4,"A fun, unpretentious bar on an old boat. Definitely a great place to grab a couple beers, we enjoyed taking an afternoon respite there on a sunny day."
298,co98HBGQWI-nR95Cd9GcQw,rewIWRutlNa8BQBQ6Qe8WQ,2,"Very, very average. I had the mezza which was one cold dolmadi, hummus, tahini bread and microwaved mince and something else also very mediocre. It was..."
299,OlvW813y7fztno3VgZ3j5w,rNXouAFX9Ff5-39na3ETOw,4,"Great lunch spot near the silk museum. Can't remember what we ordered, but everything was great. In true french fashion we waited for our check for quite..."
300,JKGWXYrT4lox_j4CFiLerw,rNXouAFX9Ff5-39na3ETOw,5,My new favorite restaurant in Lyon. It calls itself a Bouchon but it's not. A Bouchon serves the same 8 things every time. This restaurant had none of those...
301,B_qemKXOLktNsG2lOxBn0Q,rNXouAFX9Ff5-39na3ETOw,4,Great little French restaurant with a clock obsession. The food was amazing but the service was even better. We had filled ourselves up with starters & main...
302,64T74C_yVG5xHU9xTS0ptQ,_TGoB-5OUSBA0vSZ5TEtQw,4,"After living in China for three years, it's wonderful to discover a place where I can get bao again! The wait staff is friendly and the food is lovely. My..."
303,3ELJ_vMpaAirwAkUo__utg,TP3cq5ksFW0q5Wu0-udU7w,5,"Exactly the kind of hearty meal I longed for while traveling France. I tried fancier Michelin star level places and I tried regular ones, but none satisfied..."
304,A7ewmqzQkIJWWlOIEjPHMw,TP3cq5ksFW0q5Wu0-udU7w,4,"An authentic, no frills French restaurant! This is where the locals come, but the waitress we had took the time to translate their handwritten menu of the..."
305,fKsJsNm3REFZs6xMC-YK8A,TP3cq5ksFW0q5Wu0-udU7w,5,This was the best meal we had in France! I had something like a salad (can't remember what they called it in French) but it included deliciously roasted...
306,aZYjlSb_cEZgaIY2rnpD0A,kKacCVxUkbDEautbrLaX6Q,5,Catherine and Cristophe were awesome and kind! They provided great customer service! The actual gelato and sorbet were tasty and you could tell they use...
307,wARdoej5TY8DV-neOQyvCg,kKacCVxUkbDEautbrLaX6Q,4,Fun gelato spot after a full day of walking and enjoying old Lyon.  Not tons of seating but you're here for a sweet.
308,Ny950gqJz1hq4qSmWSFaKg,kKacCVxUkbDEautbrLaX6Q,2,Gelato was subpar!!! The flavor was too watery. But doesn't surprise me cuz it's in a touristy area!!! Try a local parlor next time.
309,0iYgpz99ibfCN2-cGgQ29Q,I5B28W-qXx2-kweSDnbSqA,4,Le Sud is by the Rhône river and next to the legendary good restaurant street (Rue des Marronniers according to my French friend). It is one of the...
310,p7da6Of7hqi-7UIntEd7WA,I5B28W-qXx2-kweSDnbSqA,4,"My first visit ever to a Paul Bocuse restaurant was to the popular Le Sud brasserie, which specializes in dishes from southern Europe (along the..."
311,blTO5d7ONdkiPYn-SKEB3g,I5B28W-qXx2-kweSDnbSqA,5,"On the recommendation of our cruise director, we saved our last night in Lyon to dine at Le Sud. We called on very short notice and were able to get a..."
312,hpLQrYCs3eB5rzt40oeD1Q,gvuZnayYUdH8n4CDZ-7cYw,4,"Flavorous Pad Thai, nice location, good service, go!"
313,zu2Kejy9aCPQ_UcoISUSUg,gvuZnayYUdH8n4CDZ-7cYw,1,"You can't serve Asian cuisine and be unable to cook rice properly, period. We were SO disappointed with our lackluster, overpriced meal. We only stopped..."
314,kyR4pOG-6M67QGAl3rE3sA,piMNOCz6YU2-k8OMFz_55g,5,"I discovered this cute lttle place with Monique V and since then, I have gone back at least four or five times. I became addicted to the various  types of..."
315,43GWsWbRXxi840C8PzyYew,piMNOCz6YU2-k8OMFz_55g,3,"Wandering around Lyon, Little caught my eye because both the exterior and interior were so cute (and nicely decorated).

The first time I passed by Little,..."
316,44g9HWLnx6PGEr-R_QcbQw,AW21pa5Ns9O37II-ofXxRg,5,"After an early run by the river today, I reserved myself for Vielle Carnard due to the rev of fellow Yelpeurs Lyonnais. I took a walk towards the location,..."
317,3QUra-pjFnQ0eU2tCfRJAg,AW21pa5Ns9O37II-ofXxRg,2,"I just had two entrees here, the gratinee l'onion and the chicken liver salad. Both were super dull and average. I had the cote du Rhone 460ml for $10 euro..."
318,E2N3v7EOeMZLSQNCAZDJHQ,AVjdjko-m6qh9jgN5EDAeg,5,So happy this place is finally open again. Has a great outdoor patio and very friendly service. Enjoyed yummy french fries (served with pico de gallo...
319,9nsOK9lhTMGgawkoCcoanQ,jZutKkIMVp3bVlC7sdqu4A,4,Stumbled across this place while looking for Thai food and turned out to be a great experience. This place offers a clean environment with unique...
320,wE9IuesXGGOCqgbJ-EwKsw,jZutKkIMVp3bVlC7sdqu4A,5,Awesome thai food outside of Southern California!! The food was delicious and the service was equally great. Definitely recommend this restaurant for folks...
321,IWX7PTpXVe6ZiubxbxSB5g,jZutKkIMVp3bVlC7sdqu4A,5,"Looking for a place to go during our brief Christmas trip to Lyon, we came upon this fabulous place after looking on various recommendations on Yelp.

We..."
322,qfiJBEQnJXLaq8laln2I5A,FhmNx_TLfRoHDGi7iKV-SA,5,"Fauves became my go-to spot in the neighbourhood.  The reason: it never disappoints.  It doesn't matter what they have on the menu (which changes daily),..."
323,9s06Mfx5Fd-qZt0uKLuHcQ,MYnxcnDWSzN9_qGi_UMw_w,5,"Lyon never disappoints me when it comes to food and this place was no exception.

I found this place while searching on the app ""the fork"" Laforchette in..."
324,75_NDxMEnaneETMWUmJtaA,7Tb1UANAUe7-x-P-t_wTww,5,"Fantastic little place. I like eating late and this seems like pretty much the only place that's open. 

We had the onion soup 'gratinee' and the entrecôte..."
325,CQyWHWt-hIoGaMty72SNjw,7Tb1UANAUe7-x-P-t_wTww,2,It's been a long time since my last visit. The food  is still as delicious as ever. The service however is lacking. I was asked to pay upfront and found...
326,NtvTpMNPoVeyonuCOLzeqw,7Tb1UANAUe7-x-P-t_wTww,5,"This place in Hotel de Ville definitely has some high class drunk food. Or just late night food in general. For starters, you need to be with someone with a..."
327,n8OerFjfYFpTgLtKW3PrbA,HP1K0jEE0Fojvk_2NIlPNg,4,"4 1/2 stars.

Jeannine & Suzanne is a charming café with exquisitely-made desserts that change seasonally. It's popular among university students and..."
328,_NdjjWc4lqlgy2EZZkw5hQ,HP1K0jEE0Fojvk_2NIlPNg,5,wonderful salad plates and dessert. A perfect combination of tastes and healthiness. Definitely recommended
329,JpzIfYd5yXxeGreJiHW2Ug,HP1K0jEE0Fojvk_2NIlPNg,2,Our cappuccino and matcha latte were xpensive and not good....sad ...:( However the decoration is super fun and well made. Please improve your drinks !!!
330,Tdp2N6BupAls_WduVQMQew,2Zlq_sB4S0u-yQoB4xOHGQ,4,"What a surprise! I love finding cute little cafes with high-quality vegetarian options. After seeing a fellow veg rave about this place online, I realized..."
331,iueqph6gfFgU3vH1yP9xwg,2Zlq_sB4S0u-yQoB4xOHGQ,4,"If you're looking for something to do on a weekday night after school or work (or if you're just looking for a relaxing weekend night), definitely come..."
332,IT0VykSE-2cdNICUlnvK8g,2Zlq_sB4S0u-yQoB4xOHGQ,3,"Came here in a Friday night. We were able to get a table, but for the entertainment they had some french guy stand up and tell stories. They made everybody..."
333,qF49HYOKwyTKqYY88y5PDg,qqBx9AdJdb3U6GwSRzkE4w,4,"Great views, service and burgers were very juicy and thick. Enjoyed the meals which were a good size and prepared well compared to other restaurants in Lyon..."
334,pgSXIqn-Cdldau61f4bVXA,qqBx9AdJdb3U6GwSRzkE4w,5,"My friends and I needed a place for lunch. Johnny's kitchen kept their kitchen open to serve us. The food was absolutely fantastic. Burgers, fish and steak..."
335,p7v76M0O3lJ0RuvRMhIHKg,qqBx9AdJdb3U6GwSRzkE4w,5,"Look forward to seeing you again around July 20th Adrian.  We started with a Kobe jersey 9 years ago, I hope you have more Laker's gear in there now...."
336,z-r1uqQZyEibB7rCK1MUPg,xdBDUDJFAUnwMwOpHwW4SQ,5,"Great small almost-divey bar (my fave for the size, locals, dim lighting, etc) but with a disco ball and great music. HUGE selection of liquors and all..."
337,L2w-wNj0EhjVxSuKpzigag,DhbvvztduoLNoAIUk51VKg,5,"When people ask me why I moved to France, I tell them it was for the boulangeries, and I'm only half-kidding. O Fournil des Artistes was exactly what I had..."
338,3MAfg0CV5hbyEaSKOHp4Dw,t-_OwUjoBhLIYpakSW53gQ,4,"A bit hidden behind part dieu you find this small japanese ""sympa!"" In the 3ieme.
Menu is a bit different then all these chinese sushi places around lyon..."
339,ORCWrQmkQTTdQFmNQ9ju2w,t-_OwUjoBhLIYpakSW53gQ,4,"One of my favourite sushi restaurants in Lyon. I have never dined in, but regularly order online.
The ""Saumon roll aux perles noires"" is always a must, I've..."
340,UywTnQdvV9Y-xUrxlqEUZQ,zFGKhDZUvphMX_B0wBT77Q,5,"Wow... wow.

I'm almost speechless. i just feel like I have to write a review before I fall into an amazing meat coma.

If you didn't read my review of the..."
341,__VOIBs2ahp6Dl40UuZNwg,zFGKhDZUvphMX_B0wBT77Q,5,"By far the best steak I have ever had. There is a window where you can choose from an enormous range of quality cuts. Personally, I had the t-bone limousine..."
342,yd7TAeHPMvYFkN7lAwdbTg,iUEwwaedGH7QS_KypHiSuQ,5,"We read about Pailleron and were expecting a Lyon dining experience. 
Pailleron delivered in spades, excellent service  and fantastic food. 
We ordered the..."
343,zoCwYQ_VwNaKwSoKYQ9hWA,HKsP6Bu1tlpzpzBM3RLZtA,5,"Yes! delicious and original (except if you are american..)
All the bagels are very tasty, even the sweet ones (and especially the one with jam and peanut..."
344,vzDxdMmrkrAc2QVTs_4gXg,HKsP6Bu1tlpzpzBM3RLZtA,2,"A lot of digital ink has been spilled here on Yelp about THE best bagels in Lyon. And I guess I'm ready to pipe up about it too.

What's funny is that this..."
345,AjLclb2lqHB7r-D9efSBJw,YTdqkD2akQ8hnSvpZJ-Adg,5,Loved it.  Best pizza we have had in France.  Friendly service.  Pleasant space. Recommend.
346,nqERooARFtFoxX-PqS47dA,MX_KBC9uWO9FjSsz4u_WPw,5,"One of my favorite places to grab a beer in Lyon. Friendly staff and great atmosphere. The terrace is perfect for sunny afternoons.

Un de mes endroits..."
347,xCO9nSNEhQYWwPXI4yKWAA,MX_KBC9uWO9FjSsz4u_WPw,5,"small pub on the croix rousse plateau
nothing exciting but a nice place to have a drink with friends
to watch sports."
348,TI6mzOg6JsgsHzZ1kW8ipA,MX_KBC9uWO9FjSsz4u_WPw,3,Not the same mood as the ones downtown!
349,JBCkl0aKRHZN5bMxEIcHxw,EiA1L05IRq4Biodi6Vy1ww,5,"As I was walking the historic cobblestone streets of this beautiful city, this corner patisserie caught my eye with the simple yet beautiful desserts.  

My..."
350,oGP1AQRxrA-geVkCdBqKjA,EiA1L05IRq4Biodi6Vy1ww,5,"Best tropézienne I've ever had; extremely light, crispy top, just the right amount of raspberries, perfectly balanced flavour."
351,IN7hYD-J7YJvbJz67oa4Yw,EiA1L05IRq4Biodi6Vy1ww,4,"We ate here 3 times for breakfast because it was about two blocks from where we stayed, each was fricking awesome. Of course, the pastries were the best..."
352,xuKoIFAyfm6JrGphwXl2xg,n6p9i4b8xnkoHQQu-GNmeg,3,"When a salad is too big for me to finish, well, that's pretty exciting. The vegetarian salad at Le Jardin de Berthe is huge, fresh, crisp, and delicious...."
353,OaTCuFK7VG7m8r0qp27mgg,n6p9i4b8xnkoHQQu-GNmeg,1,"I'd give this 0 stars if I could.
We had a meal here where everything started off OK only to notice that bread basket they served the bread in had..."
354,ZkD7esb9C2DamFGmTaoOmA,n6p9i4b8xnkoHQQu-GNmeg,4,We had incredibly interesting and tasty salads at LE Jardin de Berthe tonight! My friend had been there before but it was new to me. What a pleasant...
355,Krji1DFk-CpCDI007aHX7g,G6Bzdj82_VpoiiTn4c3F9Q,5,"Best pub in Lyon for the craic, good live music, ok prices and great service! One of the oldest pub in town, but not a quiet one: opens at 9pm, but live..."
356,Y4eeM1ENcSdJF9sLZNU5zw,-TPCwBsL86hsibqZfpGggg,5,"Uh. Awesomeness.

Hidden in a passage (duh) across for the restaurant le Passage. Ring the doorbell and the barman will open and tell you if you can come in..."
357,IiK94ba_J_covA9vqHbFlw,-TPCwBsL86hsibqZfpGggg,5,Surprised with a romantic dinner at the one and only Le Passage. Elegant  and beautiful French restaurant. Impeccable service. Must try a bit of everything...
358,AyhQD38JEQOtXSjGzJr55Q,CUF90cb7_wNX6V0oSQVrYg,5,Great lunch on the patio. Food was all prepared well and several dishes were outstanding. The ice cream and sorbet that were part of the desserts were...
359,k7TOHScSyS86_nED65VBFA,CUF90cb7_wNX6V0oSQVrYg,4,"Love the foie Gras with chicken meat, surprisingly very tasty! The glutenfree chocolate caramel dessert was heaven... don't mind coming back. Reservation is..."
360,YpitkwNr2mMBpomQLyOswA,CUF90cb7_wNX6V0oSQVrYg,2,Came on a recommendation from a co-worker.  Very very very disappointed in the service.  Had to flag down the waiter for our wine.  Had to flag our waiter...
361,u13J_7qTUb2L0ht9MNL5-A,N9HD1qL3_26Xxmmw_MJanA,5,"Found Soline while looking for a good vegetarian place in Lyon. Had a great experience-- interior is clean and modern, and the food is incredible! You can..."
362,GaNTW_oRU9NtUVtM84Syhw,N9HD1qL3_26Xxmmw_MJanA,4,"Yum! I finally got to try Soline with a friend! I had a bouillabaisse with fennel and carrots, served with rice and a side salad. A real side salad with..."
363,DhnI0ihBysMU05ZvnbYLlw,N9HD1qL3_26Xxmmw_MJanA,3,I'm torn between three and four stars here... Soline kinda deserves four stars just for being a vegetarian restaurant in Lyon! The food is nice and it's...
364,tVB0WaTLCs_0ZT7CDzDKJQ,JZTUE8WU7pspcI0o0U8rDQ,5,"Underated gem. For those who can't afford a 3 star Michelin meal at Paul Bocuse's flagship, this is a glimpse into his cuisine. For a mere €30, a standard..."
365,o34IWYDdcx3tbuJNhSQgXw,JZTUE8WU7pspcI0o0U8rDQ,5,Value is beyond is beyond expectation.  Great dinning experience in France.  Thank you!!!
366,34QZhKwoDN9mS995mwx4AA,Xj2L8l0epMqsIv0pCRbl9w,5,"This place was absolutely adorable! A great spot for coffee and a healthy brunch/lunch.  Cute modern decor. 

I ordered the smoked trout sandwich and the..."
367,1H9vf8LohUayi-Zh49ayaw,Xj2L8l0epMqsIv0pCRbl9w,5,"Came here for coffee and to work. Great WiFi, healthy food, music wasn't too loud (nor was the crowd). The staff was pleasant and the place cleared out just..."
368,P-fcEBZfnMkcDpRIW2XbIw,Xj2L8l0epMqsIv0pCRbl9w,5,"This place is awesome! Awesome for coffee, awesome for breakfast, awesome for lunch. Parents take note: there is a high chair and a changing table here. (I..."
369,Ey7XBXpgl5IkJd4bKcAF5g,A_ie0c0ajkC1P8zFLkGlAA,5,"This place is beautiful.
Located on the top floor of the Sofitel Lyon it has a nice decoration and beautiful view over the river.
The food is amazing and..."
370,3uVxg9CPhMVMfT9fY6allA,A_ie0c0ajkC1P8zFLkGlAA,4,"Pricey, but with some pretty good food, strong service, and an excellent view.  It's definitely worth a try on your trip to Lyon.

I started with the oyster..."
371,ZNTaIL5bSZl7SVdDAZTZ4Q,A_ie0c0ajkC1P8zFLkGlAA,4,"I had a great chef's tasting menu.  7 courses were actually 10!  Wine pairing was good.  I was refreshing to go from the ""BIG"" California wines to the more..."
372,1lc0kPUt0q4hmZX5jgRFAA,JdyVs1zhu2yACk4ffrq_Bw,4,"I came here one night after catching the train into Lyon. I had planned to go to nearby Chez George, but when I saw that no one was there and there were..."
373,xbM2w30X7zdKg7-29pfCUQ,JdyVs1zhu2yACk4ffrq_Bw,2,"Two stars is being nice... the food was just terrible. 

My hubby and I stumbled upon this place as we were looking for a place to lunch at. There were a..."
374,e2-uW8lCkcJCYUgjT9xD9w,JdyVs1zhu2yACk4ffrq_Bw,5,We enjoyed the restaurant so much that we ate here for lunch two days in a row. I had the roasted chicken the first day. The part that made it special was...
375,kMAEkRc_0EQ4PPSn-9lMpQ,lGwaKkuL0i0VhDCD-t7Iug,4,When you are in Lyon you will end up here at some point. The main tourist office is located here as is the giant Ferris wheel. It's a massive ground...
376,L7f0q7M7NB6GFMueGJRU4Q,lGwaKkuL0i0VhDCD-t7Iug,4,"Expansive courtyard in the heart of old Lyon, this is the place to meet and greet, sight-see, and most importantly, where to decide to have lunch!  On this..."
377,efhy7v2atcIoG1oJN9Mbwg,lGwaKkuL0i0VhDCD-t7Iug,5,A must see. Largest pedestrian square in Europe. And a huge Ferris Wheel.
378,RDn7bu90fzaPiIbopL7DCQ,BreSECsQ41UaClCiMrtRxw,5,"Everything here was good. The celery soup, pork shank, white fish in tomato sauce, sausage soup, verbena granita, and pear crumble. There were many other..."
379,jiQV8spkw5Mv8SRPEW40kg,BreSECsQ41UaClCiMrtRxw,4,"The service from the 3 staff (waiter, chef and runner) was impeccable and attentive, especially on a very busy Saturday. Reservations are necessary as many..."
380,3dQgr3crHU7B1-WVXR4-0Q,BreSECsQ41UaClCiMrtRxw,5,"Had the set lunch for 20 euros and can honestly say it was one of the best I've had for that price.  A cold artichoke and cheese soup was perfect, the..."
381,XTHtzu4D3vNFFnwPpI1d5g,ZBIyUVtJVM9KO3OFf_aXTA,5,SIX Stars!  I am not certain That I am articulate or eloquent enough to to give Pierre Orsi the credit it deserves.  This was by way of a recommendation of...
382,MhvgSiWG9GHkGERLr70IIA,ZBIyUVtJVM9KO3OFf_aXTA,5,"This restaurant is amazing. You walk up to the front door where there is a staff member waiting to hold the door open, then you are instantly greeted by..."
383,yI_6auA9KuDg0KiAVR9_CA,ZBIyUVtJVM9KO3OFf_aXTA,2,"As someone who is absolutely happy to drop copious amounts of money on delicious food and have yet to have a bad meal in France, I was floored by tonight's..."
384,O_42M9NCZuz8qkjc-yXftw,fKX_8iIoxTE_YmVMdtTO0A,4,"Nice spot for lunch. The fish, rice, miso soup and salad set is a good set course for a reasonable price. All the flavors are authentic. Was surprised to..."
385,6UR9cQgaxcg6bzWosnChvA,fKX_8iIoxTE_YmVMdtTO0A,4,We took the 5 course menu and it was pretty good overall. I wish there were more sashimi in our entree dish but with that said it was all together very...
386,tAaVpTZlU8s3PqzfwxDFhA,L2KQJvxfQgHw78uORC6mIA,5,"Found Puzzle Café through a blog that listed their favorite coffee shops in Lyon and it did not disappoint. 

In Europe, the land where espresso rules, it..."
387,0mDzgHWHaaqoN9T2mSrE4Q,L2KQJvxfQgHw78uORC6mIA,4,We stopped in for our daily cappuccino... kinda taste the same as all the other shops in Lyon. Not sure if that's good or bad. But the coffee itself was tasty.
388,zP_vHX13MGDob4sGSyVCnA,L2KQJvxfQgHw78uORC6mIA,3,"The owner of this establishment needs to train the baristas in proper food handling. After my son and I had been served our lattes and croissants, the..."
389,oeIXRPgScEIG40pNQbJRcA,Lath16H5FuTMdoVKuOhHog,5,"The food is very very Good!!!

We had the Cesar Salad, Red Fish and the Fish Salad. Everything was very delicious!

Fact is the French need to work on there..."
390,9aRanEyhaMeZCA4pjriuEA,Lath16H5FuTMdoVKuOhHog,5,"Because I'm traveling with two young children, I want good wine, fast and honest service. These bad boys were upfront about the jerk who parked where the..."
391,FsfKeAnpkgE9cXc810cZpA,Lath16H5FuTMdoVKuOhHog,5,Great place to eat and or drink. Salads especially recommended. Fun. Reasonable prices. High quality food. Wines by the glass are better than at most...
392,o3jjL133fULUZSvAgsFiaA,m_-O5X_g8mBDjMH-Ek3KPA,3,"I give this place points for how lovely it is in terms of decorations. They also have tons of hats for people to wear. In France, you can't be picky about..."
393,SMTPf8aF3E8bLcIbP0oLug,m_-O5X_g8mBDjMH-Ek3KPA,4,Margaritas!!! Cheesy but fun for fixing a bit of homesickness (-: staff was nice and food was - as expected - underwhelming but not bad
394,nOjdlUGhDAwwSswSjsZOUg,m_-O5X_g8mBDjMH-Ek3KPA,3,"It's not a secret that I like Mexican food. I miss late-night tacos as much as I miss anything about home, and I'm always on the hunt to find tacos in..."
395,JwmjuyILQjvgHfQzYFoepw,RJ_R8KaWeeki_4HQr1hcUA,5,"Reasons to love La Bicycletterie:

The deliciousness: I'm obsessed with the bacon arugla tomato cheddar grilled sandwich. I don't know what that sauce is,..."
396,Lhgbl74ZzC6wfr2iTqLlgA,RJ_R8KaWeeki_4HQr1hcUA,4,Exactly the laid-back coffee environment I've been searching for to work on some projects. A little pricey but well-decorated and certainly with a hip crowd...
397,Gv0BC4nkrcTzgnMKHMdJ6w,RJ_R8KaWeeki_4HQr1hcUA,5,Love this place. A lovely coffee shop that feels tucked away in Croix Rousse but is actually only a block away from Place Terreaux! The coffee is delicious...
398,lNze9JVWN-owAON6VYfW-g,nnd3Q77ODjl5UJVxsQw6cQ,4,It was a great place in croix rousse. I'll recommend it for every-one who want have a good day with beers...and coming with cheese/charcuterie plate. Little...
399,vpZboS1R83RfggwghPSefw,iZAWf3P4aVlt4b9OXU5-0g,5,"This is probably my favorite bar ever. I studied in Lyon for 4 months and this was a go to for me and my American friends. 

The bartenders speak good..."
400,Reb2eqgkkYeyb6ARXAk4Ww,iZAWf3P4aVlt4b9OXU5-0g,5,"Amazing bar, staff are delightful - always friendly and welcoming and create a dynamic atmosphere. The music playlist is eclectic with a range of songs to..."
401,BrUNA9EGWdhy6sZDYp4v0w,iZAWf3P4aVlt4b9OXU5-0g,5,This is a great pub to spend a fun evening and meet a lot of international people around a pint or two! Definitely a great spot in Lyon.
402,YLwi28w4pW4__Dqu4hnlOA,Ge4y1gZwruERHNDxo5mUFw,2,"I really, really, really wanted to like this place.
I was sure I'd love it, even.
And boy did it disappoint.
The decor is kitschy and even kind of weird,..."
403,ZbApjN5YJrWB4iKWVIoIXQ,sf8j4nFyJQZ-Irv46e_tdQ,5,"De la vraie cuisine japonaise ça nous change pour une fois! Ici pas de maki et autres sushis mais plutôt des bentos, currys ou autres sukiyaki don (fondue..."
404,gMbKbz47DqErsjZ-bSOtpg,A8JwTnXvptrnvmXbJLTAYQ,5,"Great brunch location that was open when many other restaurants were closed. 

When we walked in we didn't have to wait to be seated. We were seated in this..."
405,bL8VlnICeKlcQhPECxsNiw,A8JwTnXvptrnvmXbJLTAYQ,4,"Looking for a breakfast place with a few options and this was a great choice. They had pancakes, eggs and bacon, as well as pastries and various coffees...."
406,vwxl_uzeHMhR2hujoAysfQ,A8JwTnXvptrnvmXbJLTAYQ,5,Great breakfast place. Bacon and eggs were amazing and hit the spot after a week of European style breakfasts. They are the sister cafe to slake so the...
407,scsxrBNaXOfIAIuDJlEnOA,cSn_n9FdwHXSI818mns72A,5,A great sushi place with good service. The rice is good (make or break for sushi places) and the sake is even better. Highly recommend!
408,jM2rQkdUr2pOaf31zN4sSA,cSn_n9FdwHXSI818mns72A,3,"Everything here was OK, but no more than that. Food, service, interior, atmosphere... it was OK. We went there because it was open on a public holiday. I..."
409,hZwBlJA26XSzZWonzh4wAA,cSn_n9FdwHXSI818mns72A,3,Sushi and makis are good. No real big surprise. Comfortable seating .
410,hGmURJPbWmPwhtaw-smM3w,ME6yiqtghjfGkTNb3gpP2w,5,Yum!! I'm so happy to have found this place. A falafel wrap is a fantastic substitute for the lack of real burritos around here. If you order the...
411,TeERo3fCdg8T_AaZRwytHg,ME6yiqtghjfGkTNb3gpP2w,4,"Aklé (the food truck) is at my nearby market every weekend. The food is great but it's not cheap. Some hummus, some falafel, and soon you're talking about..."
412,NvqdtV55ReH_T2lyjsnCVQ,ME6yiqtghjfGkTNb3gpP2w,4,I searched for this food truck for hours and of course I found it spontaneously about a month later! The food was authentic and really delicious and the...
413,0lSuLufbYwJ5ws9_4U82Yg,RqnbrhRt1IqUh3WMARWUxg,2,"Greasy as fuck, especially the veggy burger. The sauce was okay though. I ordered it with foodora and the order was on time but a little cold.
The fries..."
414,GBw1Eo976xMco75AW563xA,BvcWLhA4jeY6RWK51nDZKQ,5,There was only one server.  He did speak English so traveler friendly. The fixed meal is reasonably priced and tasted great. Seems to be a great date spot;...
415,q7BKuQZQPV5PqZzQ5lVgIQ,BvcWLhA4jeY6RWK51nDZKQ,5,"L'Archange 

I followed the previous reviews and booked this place 3 weeks in advance to my visit to Lyon.

The restaurant is small, with around 12 tables...."
416,TWFL0PE2ShQhORSJmcVMXA,BvcWLhA4jeY6RWK51nDZKQ,5,What a pleasant restaurant tucked away in a quiet area of Lyon.  The ambiance is very pleasant and the moment you walk in you are greeted with a big...
417,SdxCcrn0ubdWIC58Li0VMw,KJJjA8meO_kA51_rdu54FA,5,"When in Lyon, be sure to make a few reservations at one of there 20+ Michelin starred restaurants - I chose Prairial and was not disappointed at all, I was..."
418,oHkz3kVydb3hMegPwiIdTg,KJJjA8meO_kA51_rdu54FA,4,"PRaiRiaL is located in the center of everything, so getting here on foot is easier than by car.  We came for lunch, which was a great choice. The decor is..."
419,iY8YMG5cfdyCtUtCprwPog,KJJjA8meO_kA51_rdu54FA,4,"The boyfriend and I had a fantastic meal here a few weeks ago, in this beautiful and ultra modern restaurant in the heart of Lyon. I had specifically chosen..."
420,V0jHXGrPUKZjmsHukXzzyw,_ZhMyomCyjnvbUM2E8HKHQ,5,"Loved everything about this place, yes I know your not supposed to be going to Irish pub's when in France but we could not resist and were well rewarded for..."
421,v5IY6Mq3UVhpIeccgwzlaw,_ZhMyomCyjnvbUM2E8HKHQ,3,"Ordered one fish and chip and one burger. Got two fish and chips
 Took the second back but watched 4 burgers come out before my spouse got his and by then I..."
422,rrAcJga2Taay1snYg1RE2Q,_ZhMyomCyjnvbUM2E8HKHQ,5,Great atmosphere! Quite international ambience.
423,DArN9d-kaAClRX-7oKw1uw,TVuhUjZ5ESOmP7hk0Sh6Aw,5,"Great authentic Mexican!   Super low key spot, nothing fancy, but the food is fantastic!"
424,nUF5_MIWq5a9jETxKOAxLg,TVuhUjZ5ESOmP7hk0Sh6Aw,4,"Our youngest son wanted taco's at any price. So we Yelped ariund and bumped into this little spot withrefernce.
Personally not a huge fan of taco's & co was..."
425,8zW-_05ErnXwAM_L0e_ELA,TVuhUjZ5ESOmP7hk0Sh6Aw,4,"Not the American type of Tex-mex, real mexican food, limited menu but very good taste.
Decent pricing, we paid 48 euros for 3 main dishes,3 drinks and 1..."
426,NenC6jAD4shVX2APS002Lg,4oPrH_roHU7hwkAs4PLytA,5,"The food was pretty good. The staff is friendly. The restaurant itself is very informal, nothing fancy. I tried their red curry which was bomb. They could..."
427,l_fJii92IrwvLiY_FAgc7Q,4oPrH_roHU7hwkAs4PLytA,4,"This is probably our favorite Thai in Lyon (till now ;)). The place has a typical decor (dragons,fish murals and bright paintings) that gives you feels of..."
428,cmQwYgPCEW8QyXq4IH-fOg,4oPrH_roHU7hwkAs4PLytA,5,"This restaurant is the best, my favorite!! The prices are reasonable and the 2 soups that they have as first course are to die for, I would come there just..."
429,E3srjgQDWl7sFQw0DFwZaw,17rWv-kyqUR65G3PwMUWjg,5,"This very cute bouchon provided the perfect ambience for a night in Lyon.  The service was very friendly, and felt very homelike.  We were recommended a..."
430,3JoEzs8NMGN66vDAKdT5SA,17rWv-kyqUR65G3PwMUWjg,5,"My wife and I visited the Café du Soleil on our first night in Lyon, and couldn't have made a better choice.

The café looks like something out of a movie -..."
431,FM6ws47uvTYZkR5CfW8mRw,17rWv-kyqUR65G3PwMUWjg,4,"This was a lovely restaurant, small, cozy and friendly. While we were a bit dismayed when we first came on a Monday night, it was closed. But we were able..."
432,7T5Ja1Qs-U_p9UhyaLurFQ,lna06rzTJ2ytWe7fLMlYBw,4,"PROS: Good food, reasonable prices
CONS: Okay service

I was here for dinner by myself, and was greeted like a weirdo. Initially they didn't even try to..."
433,R48RcXtlj7AhtdlZVMUX4g,lna06rzTJ2ytWe7fLMlYBw,4,"Charming and picturesque brasserie in the heart of Lyon, this venerable restaurant exuded classic French ambiance, great service, and excellent food.  We..."
434,DdVvpEqWKBwVmY74T8Z1aQ,lna06rzTJ2ytWe7fLMlYBw,5,Amazing food in Brotteaux area. The restaurant is so French style. Perfect for business lunch and romantic dinner. Crazy wines selection !
435,bCsTGXFtwWRNvprm4rugjA,V9t5NKJPYPucE2x4OggNdg,5,"A local friend recommended this place to us. She simply said, ""You won't be disappointed.""

What an understatement.

Out of the menu du jour we chose a..."
436,ye_Y7tNk3R_5fJl7z3B2Pg,V9t5NKJPYPucE2x4OggNdg,4,"I had read good things about Les Apothicaires. The chefs are Brazilian and French, and I guess one of the chefs was on Top Chef before. 

The space is..."
437,ZsaXjhE0EmCFqVIC2vpO7A,V9t5NKJPYPucE2x4OggNdg,1,Reservation only. Doesn't answer the phone for the whole day. Not a single table available even if you go right at 7:30pm. Terrible experience.
438,5KayvKXipbvq0nKgjd_FEA,onnuMt1Yu_ztGRPEJbznVg,5,Such a cool concept. We had to check these out but had no idea what to expect. Fortunately a few locals pointed Us in the right direction and we were able...
439,zL2ficp-_V4r2B1ukppzcA,R6AhL9qRoO4L9W9oiLbEkw,5,"A small restaurant off the beaten path with market fresh ingredients, the menu changes daily based on the daily purchases.
My wife and I enjoyed a stellar..."
440,xIFu1CLmTrjU0HCV-3dUkQ,R6AhL9qRoO4L9W9oiLbEkw,2,"I think that if you are a meat eater, this place is good - maybe even great. But if you are a vegetarian, it's not worth the price. Here is my..."
441,fNUCP-L4qsfihik1qbh2mQ,nWuEp5cHrxxeCsMdnYN-WQ,5,This little gem is situated right in the middle of the authentic Lyonnaise restaurants on rue des Marronniers.  We wanted something lighter than the...
442,_9KwsctFhJ5pGIgHyzS70A,nWuEp5cHrxxeCsMdnYN-WQ,3,"Maybe it's unfair of me to review Chez Fyfy, because I've only been once, and I didn't have sushi. I actually went because I'd heard they had great ramen..."
443,VjtRQU39Ejz3f-q6e_Wg0w,nWuEp5cHrxxeCsMdnYN-WQ,3,"- Bad service: staff ignored my group despite several attempts, took very long to order
- Bad nigiri: too much rice for fish ratio, sashumi not well cut..."
444,Eyak9_fc55dNeqdDAbp2qQ,81EnDROpW4rhtS4c_3cuoQ,5,"Wonderful restaurant in Vieux de Lyon.

A few words to describe it: Hidden Gem. Local. Small. Personal. Gourmet. Creative. Unique. Special. Affordable..."
445,p-qL7pttdbtiViebu67JUQ,H1MIGKgMYZylgab_3_lNfw,4,"We went into this place with no expectations, just wanted to make a stop on the way home.  We were warmly greeted by the bartender Lionel.  We were feeling..."
446,21tPkM0_I2tPIE-75uzytA,wW7KSloBEeUXMZvUVpXO9g,3,"I don't come here very often, and when I do, it's really just because I happen to want to stop for a drink with friends in the evening and it's there. It's..."
447,jLa8OfJz_iDxssCIUNcTfQ,1OhUUy8fLP3peXnsRL6tRg,5,"My wife, daughter, and I ate here for dinner. We both had burgers, which were AMAZING!!! It is one of the best burgers I have ever had in my life. The meat..."
448,6kkFVloEE3bJsdO1YJISZw,1OhUUy8fLP3peXnsRL6tRg,3,"I was craving a Burger and I came here given the raving reviews about the Burgers. I had a rather basic Cheese Burger and to be honest, it was good but..."
449,VbSTBcsz4mytX83KKIU-eQ,1OhUUy8fLP3peXnsRL6tRg,4,My family and I came to Cosy Corner on our first night in Lyon. It was one of few that indicated it was good for kids. We decided to give it a try although...
450,rbX_CIMDST5L4KaJKb4f7A,9K7c7nBNprqxOAyhSXSULg,5,"If I closed my eyes I will think I'm in Korea eating in a little restaurant a delicious bulgogi with the side dishes! I will go back again for sure.

So in..."
451,TdavjqJWYAnOA2imbRgmwg,9K7c7nBNprqxOAyhSXSULg,2,"The owner was unkind, he made me and my friends feel uncomfortable. I was embrassed because of him. Bibimbap is quite nice but it is way too much."
